Country,Event
AUT,Individual
AUT,Individual
AUT,Pairs
AUT,Pairs
BEL,Four-Man
BEL,Four-Man
BEL,Four-Man
BEL,Four-Man
BEL,Four-Man
CAN,Ice Hockey
CAN,Ice Hockey
CAN,Ice Hockey
CAN,Ice Hockey
CAN,Ice Hockey
CAN,Ice Hockey
CAN,Ice Hockey
CAN,Ice Hockey
CAN,Ice Hockey
FIN,Military Patrol
FIN,Military Patrol
FIN,Military Patrol
FIN,Military Patrol
FIN,Pairs
FIN,Pairs
FIN,10000M
FIN,10000M
FIN,1500M
FIN,5000M
FIN,5000M
FIN,500M
FIN,Combined (4 Events)
FIN,Combined (4 Events)
FIN,18KM
FRA,Military Patrol
FRA,Military Patrol
FRA,Military Patrol
FRA,Military Patrol
FRA,Curling
FRA,Curling
FRA,Curling
FRA,Curling
FRA,Curling
FRA,Curling
FRA,Pairs
FRA,Pairs
GBR,Four-Man
GBR,Four-Man
GBR,Four-Man
GBR,Four-Man
GBR,Curling
GBR,Curling
GBR,Curling
GBR,Curling
GBR,Curling
GBR,Curling
GBR,Curling
GBR,Curling
GBR,Ice Hockey
GBR,Ice Hockey
GBR,Ice Hockey
GBR,Ice Hockey
GBR,Ice Hockey
GBR,Ice Hockey
GBR,Ice Hockey
GBR,Ice Hockey
GBR,Ice Hockey
GBR,Ice Hockey
GBR,Ice Hockey
GBR,Ice Hockey
GBR,Individual
NOR,10000M
NOR,1500M
NOR,1500M
NOR,5000M
NOR,500M
NOR,500M
NOR,Combined (4 Events)
NOR,18KM
NOR,18KM
NOR,50KM
NOR,50KM
NOR,50KM
NOR,Individual
NOR,Individual
NOR,Individual
NOR,K90 Individual (70M)
NOR,K90 Individual (70M)
SUI,Military Patrol
SUI,Military Patrol
SUI,Military Patrol
SUI,Military Patrol
SUI,Four-Man
SUI,Four-Man
SUI,Four-Man
SUI,Four-Man
SUI,Individual
SWE,Curling
SWE,Curling
SWE,Curling
SWE,Curling
SWE,Curling
SWE,Curling
SWE,Curling
SWE,Curling
SWE,Individual
USA,Ice Hockey
USA,Ice Hockey
USA,Ice Hockey
USA,Ice Hockey
USA,Ice Hockey
USA,Ice Hockey
USA,Ice Hockey
USA,Ice Hockey
USA,Ice Hockey
USA,Ice Hockey
USA,Individual
USA,500M
USA,K90 Individual (70M)
AUT,Individual
AUT,Individual
AUT,Pairs
AUT,Pairs
AUT,Pairs
AUT,Pairs
BEL,Individual
CAN,Ice Hockey
CAN,Ice Hockey
CAN,Ice Hockey
CAN,Ice Hockey
CAN,Ice Hockey
CAN,Ice Hockey
CAN,Ice Hockey
CAN,Ice Hockey
CAN,Ice Hockey
CAN,Ice Hockey
CAN,Ice Hockey
CAN,Ice Hockey
FIN,1500M
FIN,5000M
FIN,500M
FIN,500M
FRA,Pairs
FRA,Pairs
GBR,Individual
GER,Five-Man
GER,Five-Man
GER,Five-Man
GER,Five-Man
GER,Five-Man
NOR,Individual
NOR,1500M
NOR,1500M
NOR,5000M
NOR,5000M
NOR,500M
NOR,500M
NOR,18KM
NOR,18KM
NOR,18KM
NOR,Individual
NOR,Individual
NOR,Individual
NOR,K90 Individual (70M)
NOR,K90 Individual (70M)
SUI,Ice Hockey
SUI,Ice Hockey
SUI,Ice Hockey
SUI,Ice Hockey
SUI,Ice Hockey
SUI,Ice Hockey
SUI,Ice Hockey
SUI,Ice Hockey
SUI,Ice Hockey
SUI,Ice Hockey
SUI,Ice Hockey
SUI,Ice Hockey
SWE,Ice Hockey
SWE,Ice Hockey
SWE,Ice Hockey
SWE,Ice Hockey
SWE,Ice Hockey
SWE,Ice Hockey
SWE,Ice Hockey
SWE,Ice Hockey
SWE,Ice Hockey
SWE,Ice Hockey
SWE,Ice Hockey
SWE,Ice Hockey
SWE,Individual
SWE,50KM
SWE,50KM
SWE,50KM
TCH,K90 Individual (70M)
USA,Five-Man
USA,Five-Man
USA,Five-Man
USA,Five-Man
USA,Five-Man
USA,Five-Man
USA,Five-Man
USA,Five-Man
USA,Five-Man
USA,Five-Man
USA,Individual
USA,Individual
USA,Individual
USA,500M
AUT,Individual
AUT,Individual
CAN,Ice Hockey
CAN,Ice Hockey
CAN,Ice Hockey
CAN,Ice Hockey
CAN,Ice Hockey
CAN,Ice Hockey
CAN,Ice Hockey
CAN,Ice Hockey
CAN,Ice Hockey
CAN,Ice Hockey
CAN,Ice Hockey
CAN,Ice Hockey
CAN,Ice Hockey
CAN,Ice Hockey
CAN,Individual
CAN,10000M
CAN,1500M
CAN,1500M
CAN,5000M
CAN,500M
FIN,18KM
FIN,50KM
FIN,50KM
FRA,Pairs
FRA,Pairs
GER,Four-Man
GER,Four-Man
GER,Four-Man
GER,Four-Man
GER,Four-Man
GER,Four-Man
GER,Four-Man
GER,Four-Man
GER,Four-Man
GER,Four-Man
GER,Four-Man
GER,Ice Hockey
GER,Ice Hockey
GER,Ice Hockey
GER,Ice Hockey
GER,Ice Hockey
GER,Ice Hockey
GER,Ice Hockey
GER,Ice Hockey
GER,Ice Hockey
GER,Ice Hockey
HUN,Pairs
HUN,Pairs
NOR,Individual
NOR,10000M
NOR,500M
NOR,50KM
NOR,Individual
NOR,Individual
NOR,Individual
NOR,K90 Individual (70M)
NOR,K90 Individual (70M)
NOR,K90 Individual (70M)
SUI,Two-Man
SUI,Two-Man
SUI,Two-Man
SUI,Two-Man
SUI,Two-Man
SUI,Two-Man
SUI,Two-Man
SUI,Two-Man
SWE,Individual
SWE,18KM
SWE,18KM
USA,Four-Man
USA,Four-Man
USA,Four-Man
USA,Four-Man
USA,Four-Man
USA,Four-Man
USA,Four-Man
USA,Four-Man
USA,Four-Man
USA,Four-Man
USA,Four-Man
USA,Four-Man
USA,Four-Man
USA,Four-Man
USA,Four-Man
USA,Two-Man
USA,Two-Man
USA,Two-Man
USA,Two-Man
USA,Two-Man
USA,Two-Man
USA,Two-Man
USA,Two-Man
USA,Ice Hockey
USA,Ice Hockey
USA,Ice Hockey
USA,Ice Hockey
USA,Ice Hockey
USA,Ice Hockey
USA,Ice Hockey
USA,Ice Hockey
USA,Ice Hockey
USA,Ice Hockey
USA,Ice Hockey
USA,Ice Hockey
USA,Ice Hockey
USA,Ice Hockey
USA,Individual
USA,Pairs
USA,Pairs
USA,10000M
USA,1500M
USA,5000M
USA,5000M
USA,500M
AUT,Individual
AUT,Individual
AUT,Pairs
AUT,Pairs
AUT,10000M
CAN,Ice Hockey
CAN,Ice Hockey
CAN,Ice Hockey
CAN,Ice Hockey
CAN,Ice Hockey
CAN,Ice Hockey
CAN,Ice Hockey
CAN,Ice Hockey
CAN,Ice Hockey
CAN,Ice Hockey
CAN,Ice Hockey
CAN,Ice Hockey
CAN,Ice Hockey
FIN,10000M
FIN,1500M
FIN,5000M
FIN,5000M
FIN,18KM
FIN,4X10KM Relay
FIN,4X10KM Relay
FIN,4X10KM Relay
FIN,4X10KM Relay
FRA,Alpine Combined
GBR,Four-Man
GBR,Four-Man
GBR,Four-Man
GBR,Four-Man
GBR,Ice Hockey
GBR,Ice Hockey
GBR,Ice Hockey
GBR,Ice Hockey
GBR,Ice Hockey
GBR,Ice Hockey
GBR,Ice Hockey
GBR,Ice Hockey
GBR,Ice Hockey
GBR,Ice Hockey
GBR,Ice Hockey
GBR,Ice Hockey
GBR,Individual
GER,Individual
GER,Pairs
GER,Pairs
GER,Alpine Combined
GER,Alpine Combined
GER,Alpine Combined
GER,Alpine Combined
HUN,Pairs
HUN,Pairs
NOR,Individual
NOR,10000M
NOR,1500M
NOR,1500M
NOR,5000M
NOR,500M
NOR,500M
NOR,Alpine Combined
NOR,18KM
NOR,4X10KM Relay
NOR,4X10KM Relay
NOR,4X10KM Relay
NOR,4X10KM Relay
NOR,Individual
NOR,Individual
NOR,Individual
NOR,K90 Individual (70M)
NOR,K90 Individual (70M)
SUI,Four-Man
SUI,Four-Man
SUI,Four-Man
SUI,Four-Man
SUI,Four-Man
SUI,Four-Man
SUI,Four-Man
SUI,Four-Man
SUI,Two-Man
SUI,Two-Man
SWE,Individual
SWE,18KM
SWE,4X10KM Relay
SWE,4X10KM Relay
SWE,4X10KM Relay
SWE,4X10KM Relay
SWE,50KM
SWE,50KM
SWE,50KM
SWE,K90 Individual (70M)
USA,Two-Man
USA,Two-Man
USA,Two-Man
USA,Two-Man
USA,Ice Hockey
USA,Ice Hockey
USA,Ice Hockey
USA,Ice Hockey
USA,Ice Hockey
USA,Ice Hockey
USA,Ice Hockey
USA,Ice Hockey
USA,Ice Hockey
USA,Ice Hockey
USA,Ice Hockey
USA,500M
AUT,Individual
AUT,Individual
AUT,Alpine Combined
AUT,Alpine Combined
AUT,Downhill
AUT,Downhill
AUT,Downhill
AUT,Slalom
BEL,Four-Man
BEL,Four-Man
BEL,Four-Man
BEL,Four-Man
BEL,Pairs
BEL,Pairs
CAN,Ice Hockey
CAN,Ice Hockey
CAN,Ice Hockey
CAN,Ice Hockey
CAN,Ice Hockey
CAN,Ice Hockey
CAN,Ice Hockey
CAN,Ice Hockey
CAN,Ice Hockey
CAN,Ice Hockey
CAN,Ice Hockey
CAN,Ice Hockey
CAN,Ice Hockey
CAN,Ice Hockey
CAN,Ice Hockey
CAN,Ice Hockey
CAN,Ice Hockey
CAN,Individual
CAN,Pairs
CAN,Pairs
FIN,10000M
FIN,10000M
FIN,4X10KM Relay
FIN,4X10KM Relay
FIN,4X10KM Relay
FIN,4X10KM Relay
FIN,50KM
FIN,Individual
FIN,Individual
FRA,Alpine Combined
FRA,Alpine Combined
FRA,Downhill
FRA,Slalom
FRA,Slalom
GBR,Individual
GBR,Individual
HUN,Pairs
HUN,Pairs
ITA,Individual
NOR,1500M
NOR,1500M
NOR,5000M
NOR,5000M
NOR,500M
NOR,500M
NOR,4X10KM Relay
NOR,4X10KM Relay
NOR,4X10KM Relay
NOR,4X10KM Relay
NOR,K90 Individual (70M)
NOR,K90 Individual (70M)
NOR,K90 Individual (70M)
SUI,Two-Man
SUI,Two-Man
SUI,Two-Man
SUI,Two-Man
SUI,Ice Hockey
SUI,Ice Hockey
SUI,Ice Hockey
SUI,Ice Hockey
SUI,Ice Hockey
SUI,Ice Hockey
SUI,Ice Hockey
SUI,Ice Hockey
SUI,Ice Hockey
SUI,Ice Hockey
SUI,Ice Hockey
SUI,Ice Hockey
SUI,Ice Hockey
SUI,Ice Hockey
SUI,Ice Hockey
SUI,Ice Hockey
SUI,Ice Hockey
SUI,Individual
SUI,Alpine Combined
SUI,Downhill
SUI,Downhill
SUI,Downhill
SUI,Slalom
SUI,Slalom
SWE,10000M
SWE,1500M
SWE,5000M
SWE,18KM
SWE,18KM
SWE,18KM
SWE,4X10KM Relay
SWE,4X10KM Relay
SWE,4X10KM Relay
SWE,4X10KM Relay
SWE,50KM
SWE,50KM
SWE,Individual
TCH,Ice Hockey
TCH,Ice Hockey
TCH,Ice Hockey
TCH,Ice Hockey
TCH,Ice Hockey
TCH,Ice Hockey
TCH,Ice Hockey
TCH,Ice Hockey
TCH,Ice Hockey
TCH,Ice Hockey
TCH,Ice Hockey
TCH,Ice Hockey
TCH,Ice Hockey
TCH,Ice Hockey
TCH,Ice Hockey
TCH,Ice Hockey
TCH,Ice Hockey
USA,Four-Man
USA,Four-Man
USA,Four-Man
USA,Four-Man
USA,Four-Man
USA,Four-Man
USA,Four-Man
USA,Four-Man
USA,Two-Man
USA,Two-Man
USA,Individual
USA,Individual
USA,500M
USA,500M
USA,Alpine Combined
USA,Slalom
AUT,Individual
AUT,Downhill
AUT,Downhill
AUT,Downhill
AUT,Giant Slalom
AUT,Giant Slalom
AUT,Giant Slalom
AUT,Slalom
CAN,Ice Hockey
CAN,Ice Hockey
CAN,Ice Hockey
CAN,Ice Hockey
CAN,Ice Hockey
CAN,Ice Hockey
CAN,Ice Hockey
CAN,Ice Hockey
CAN,Ice Hockey
CAN,Ice Hockey
CAN,Ice Hockey
CAN,Ice Hockey
CAN,Ice Hockey
CAN,Ice Hockey
CAN,Ice Hockey
CAN,Ice Hockey
CAN,500M
FIN,10KM
FIN,10KM
FIN,10KM
FIN,18KM
FIN,18KM
FIN,4X10KM Relay
FIN,4X10KM Relay
FIN,4X10KM Relay
FIN,4X10KM Relay
FIN,50KM
FIN,50KM
FIN,Individual
FRA,Individual
FRG,Four-Man
FRG,Four-Man
FRG,Four-Man
FRG,Four-Man
FRG,Two-Man
FRG,Two-Man
FRG,Pairs
FRG,Pairs
FRG,Downhill
FRG,Giant Slalom
FRG,Slalom
FRG,Slalom
GBR,Individual
HUN,Pairs
HUN,Pairs
ITA,Downhill
ITA,Downhill
NED,10000M
NED,1500M
NED,5000M
NOR,10000M
NOR,1500M
NOR,1500M
NOR,5000M
NOR,5000M
NOR,500M
NOR,Giant Slalom
NOR,Slalom
NOR,Slalom
NOR,18KM
NOR,4X10KM Relay
NOR,4X10KM Relay
NOR,4X10KM Relay
NOR,4X10KM Relay
NOR,50KM
NOR,Individual
NOR,Individual
NOR,K90 Individual (70M)
NOR,K90 Individual (70M)
SUI,Four-Man
SUI,Four-Man
SUI,Four-Man
SUI,Four-Man
SUI,Two-Man
SUI,Two-Man
SWE,Ice Hockey
SWE,Ice Hockey
SWE,Ice Hockey
SWE,Ice Hockey
SWE,Ice Hockey
SWE,Ice Hockey
SWE,Ice Hockey
SWE,Ice Hockey
SWE,Ice Hockey
SWE,Ice Hockey
SWE,Ice Hockey
SWE,Ice Hockey
SWE,Ice Hockey
SWE,Ice Hockey
SWE,Ice Hockey
SWE,Ice Hockey
SWE,Ice Hockey
SWE,10000M
SWE,4X10KM Relay
SWE,4X10KM Relay
SWE,4X10KM Relay
SWE,4X10KM Relay
SWE,K90 Individual (70M)
USA,Four-Man
USA,Four-Man
USA,Four-Man
USA,Four-Man
USA,Two-Man
USA,Two-Man
USA,Ice Hockey
USA,Ice Hockey
USA,Ice Hockey
USA,Ice Hockey
USA,Ice Hockey
USA,Ice Hockey
USA,Ice Hockey
USA,Ice Hockey
USA,Ice Hockey
USA,Ice Hockey
USA,Ice Hockey
USA,Ice Hockey
USA,Ice Hockey
USA,Ice Hockey
USA,Ice Hockey
USA,Individual
USA,Individual
USA,Individual
USA,Pairs
USA,Pairs
USA,500M
USA,500M
USA,Giant Slalom
USA,Slalom
AUT,Individual
AUT,Pairs
AUT,Pairs
AUT,Downhill
AUT,Downhill
AUT,Giant Slalom
AUT,Giant Slalom
AUT,Giant Slalom
AUT,Giant Slalom
AUT,Giant Slalom
AUT,Slalom
AUT,Slalom
CAN,Ice Hockey
CAN,Ice Hockey
CAN,Ice Hockey
CAN,Ice Hockey
CAN,Ice Hockey
CAN,Ice Hockey
CAN,Ice Hockey
CAN,Ice Hockey
CAN,Ice Hockey
CAN,Ice Hockey
CAN,Ice Hockey
CAN,Ice Hockey
CAN,Ice Hockey
CAN,Ice Hockey
CAN,Ice Hockey
CAN,Ice Hockey
CAN,Ice Hockey
CAN,Pairs
CAN,Pairs
CAN,Downhill
EUA,Giant Slalom
EUA,K90 Individual (70M)
FIN,1500M
FIN,30KM Mass Start
FIN,3X5KM Relay
FIN,3X5KM Relay
FIN,3X5KM Relay
FIN,4X10KM Relay
FIN,4X10KM Relay
FIN,4X10KM Relay
FIN,4X10KM Relay
FIN,50KM
FIN,K90 Individual (70M)
FIN,K90 Individual (70M)
HUN,Pairs
HUN,Pairs
ITA,Four-Man
ITA,Four-Man
ITA,Four-Man
ITA,Four-Man
ITA,Two-Man
ITA,Two-Man
ITA,Two-Man
ITA,Two-Man
JPN,Slalom
NOR,10000M
NOR,500M
NOR,15KM
NOR,Individual
POL,Individual
SUI,Four-Man
SUI,Four-Man
SUI,Four-Man
SUI,Four-Man
SUI,Two-Man
SUI,Two-Man
SUI,Downhill
SUI,Downhill
SUI,Downhill
SUI,Slalom
SWE,10000M
SWE,5000M
SWE,Slalom
SWE,10KM
SWE,15KM
SWE,30KM Mass Start
SWE,3X5KM Relay
SWE,3X5KM Relay
SWE,3X5KM Relay
SWE,4X10KM Relay
SWE,4X10KM Relay
SWE,4X10KM Relay
SWE,4X10KM Relay
SWE,50KM
SWE,Individual
URS,Ice Hockey
URS,Ice Hockey
URS,Ice Hockey
URS,Ice Hockey
URS,Ice Hockey
URS,Ice Hockey
URS,Ice Hockey
URS,Ice Hockey
URS,Ice Hockey
URS,Ice Hockey
URS,Ice Hockey
URS,Ice Hockey
URS,Ice Hockey
URS,Ice Hockey
URS,Ice Hockey
URS,Ice Hockey
URS,Ice Hockey
URS,10000M
URS,1500M
URS,1500M
URS,5000M
URS,5000M
URS,500M
URS,500M
URS,Slalom
URS,10KM
URS,10KM
URS,15KM
URS,30KM Mass Start
URS,3X5KM Relay
URS,3X5KM Relay
URS,3X5KM Relay
URS,4X10KM Relay
URS,4X10KM Relay
URS,4X10KM Relay
URS,4X10KM Relay
URS,50KM
USA,Four-Man
USA,Four-Man
USA,Four-Man
USA,Four-Man
USA,Ice Hockey
USA,Ice Hockey
USA,Ice Hockey
USA,Ice Hockey
USA,Ice Hockey
USA,Ice Hockey
USA,Ice Hockey
USA,Ice Hockey
USA,Ice Hockey
USA,Ice Hockey
USA,Ice Hockey
USA,Ice Hockey
USA,Ice Hockey
USA,Ice Hockey
USA,Ice Hockey
USA,Ice Hockey
USA,Ice Hockey
USA,Individual
USA,Individual
USA,Individual
USA,Individual
USA,Individual
AUT,Downhill
AUT,Giant Slalom
AUT,Giant Slalom
AUT,Slalom
AUT,Slalom
AUT,K90 Individual (70M)
CAN,Ice Hockey
CAN,Ice Hockey
CAN,Ice Hockey
CAN,Ice Hockey
CAN,Ice Hockey
CAN,Ice Hockey
CAN,Ice Hockey
CAN,Ice Hockey
CAN,Ice Hockey
CAN,Ice Hockey
CAN,Ice Hockey
CAN,Ice Hockey
CAN,Ice Hockey
CAN,Ice Hockey
CAN,Ice Hockey
CAN,Ice Hockey
CAN,Ice Hockey
CAN,Individual
CAN,Pairs
CAN,Pairs
CAN,Slalom
EUA,Pairs
EUA,Pairs
EUA,1000M
EUA,500M
EUA,Downhill
EUA,Downhill
EUA,Slalom
EUA,Individual
EUA,K90 Individual (70M)
FIN,20KM
FIN,3000M
FIN,15KM
FIN,3X5KM Relay
FIN,3X5KM Relay
FIN,3X5KM Relay
FIN,4X10KM Relay
FIN,4X10KM Relay
FIN,4X10KM Relay
FIN,4X10KM Relay
FIN,50KM
FIN,50KM
FIN,K90 Individual (70M)
FRA,Downhill
FRA,Downhill
FRA,Slalom
ITA,Giant Slalom
NED,Individual
NED,5000M
NOR,10000M
NOR,1500M
NOR,5000M
NOR,15KM
NOR,4X10KM Relay
NOR,4X10KM Relay
NOR,4X10KM Relay
NOR,4X10KM Relay
NOR,Individual
POL,1500M
POL,1500M
SUI,Giant Slalom
SUI,Giant Slalom
SWE,20KM
SWE,10000M
SWE,15KM
SWE,30KM Mass Start
SWE,30KM Mass Start
SWE,3X5KM Relay
SWE,3X5KM Relay
SWE,3X5KM Relay
SWE,50KM
TCH,Individual
URS,20KM
URS,Ice Hockey
URS,Ice Hockey
URS,Ice Hockey
URS,Ice Hockey
URS,Ice Hockey
URS,Ice Hockey
URS,Ice Hockey
URS,Ice Hockey
URS,Ice Hockey
URS,Ice Hockey
URS,Ice Hockey
URS,Ice Hockey
URS,Ice Hockey
URS,Ice Hockey
URS,Ice Hockey
URS,Ice Hockey
URS,Ice Hockey
URS,10000M
URS,1000M
URS,1000M
URS,1500M
URS,1500M
URS,1500M
URS,3000M
URS,3000M
URS,5000M
URS,500M
URS,500M
URS,500M
URS,10KM
URS,10KM
URS,10KM
URS,30KM Mass Start
URS,3X5KM Relay
URS,3X5KM Relay
URS,3X5KM Relay
URS,4X10KM Relay
URS,4X10KM Relay
URS,4X10KM Relay
URS,4X10KM Relay
URS,Individual
USA,Ice Hockey
USA,Ice Hockey
USA,Ice Hockey
USA,Ice Hockey
USA,Ice Hockey
USA,Ice Hockey
USA,Ice Hockey
USA,Ice Hockey
USA,Ice Hockey
USA,Ice Hockey
USA,Ice Hockey
USA,Ice Hockey
USA,Ice Hockey
USA,Ice Hockey
USA,Ice Hockey
USA,Ice Hockey
USA,Ice Hockey
USA,Individual
USA,Individual
USA,Individual
USA,Pairs
USA,Pairs
USA,500M
USA,500M
USA,Downhill
USA,Giant Slalom
USA,Slalom
AUT,Four-Man
AUT,Four-Man
AUT,Four-Man
AUT,Four-Man
AUT,Doubles
AUT,Doubles
AUT,Doubles
AUT,Doubles
AUT,Singles
AUT,Individual
AUT,Downhill
AUT,Downhill
AUT,Downhill
AUT,Downhill
AUT,Giant Slalom
AUT,Giant Slalom
AUT,Slalom
CAN,Four-Man
CAN,Four-Man
CAN,Four-Man
CAN,Four-Man
CAN,Individual
CAN,Pairs
CAN,Pairs
EUA,Singles
EUA,Singles
EUA,Singles
EUA,Singles
EUA,Singles
EUA,Individual
EUA,Pairs
EUA,Pairs
EUA,Downhill
EUA,Individual
FIN,1000M
FIN,1500M
FIN,15KM
FIN,30KM Mass Start
FIN,3X5KM Relay
FIN,3X5KM Relay
FIN,3X5KM Relay
FIN,4X10KM Relay
FIN,4X10KM Relay
FIN,4X10KM Relay
FIN,4X10KM Relay
FIN,50KM
FIN,5KM
FIN,K120 Individual (90M)
FIN,K90 Individual (70M)
FRA,Individual
FRA,Downhill
FRA,Giant Slalom
FRA,Giant Slalom
FRA,Giant Slalom
FRA,Slalom
FRA,Slalom
GBR,Two-Man
GBR,Two-Man
ITA,Four-Man
ITA,Four-Man
ITA,Four-Man
ITA,Four-Man
ITA,Two-Man
ITA,Two-Man
ITA,Two-Man
ITA,Two-Man
ITA,Doubles
ITA,Doubles
NED,Individual
NED,1500M
NOR,20KM
NOR,10000M
NOR,10000M
NOR,1500M
NOR,5000M
NOR,5000M
NOR,5000M
NOR,500M
NOR,15KM
NOR,30KM Mass Start
NOR,Individual
NOR,K120 Individual (90M)
NOR,K120 Individual (90M)
NOR,K90 Individual (70M)
NOR,K90 Individual (70M)
PRK,3000M
SWE,Ice Hockey
SWE,Ice Hockey
SWE,Ice Hockey
SWE,Ice Hockey
SWE,Ice Hockey
SWE,Ice Hockey
SWE,Ice Hockey
SWE,Ice Hockey
SWE,Ice Hockey
SWE,Ice Hockey
SWE,Ice Hockey
SWE,Ice Hockey
SWE,Ice Hockey
SWE,Ice Hockey
SWE,Ice Hockey
SWE,Ice Hockey
SWE,Ice Hockey
SWE,10000M
SWE,15KM
SWE,3X5KM Relay
SWE,3X5KM Relay
SWE,3X5KM Relay
SWE,4X10KM Relay
SWE,4X10KM Relay
SWE,4X10KM Relay
SWE,4X10KM Relay
SWE,50KM
SWE,50KM
TCH,Ice Hockey
TCH,Ice Hockey
TCH,Ice Hockey
TCH,Ice Hockey
TCH,Ice Hockey
TCH,Ice Hockey
TCH,Ice Hockey
TCH,Ice Hockey
TCH,Ice Hockey
TCH,Ice Hockey
TCH,Ice Hockey
TCH,Ice Hockey
TCH,Ice Hockey
TCH,Ice Hockey
TCH,Ice Hockey
TCH,Ice Hockey
TCH,Ice Hockey
URS,20KM
URS,20KM
URS,Ice Hockey
URS,Ice Hockey
URS,Ice Hockey
URS,Ice Hockey
URS,Ice Hockey
URS,Ice Hockey
URS,Ice Hockey
URS,Ice Hockey
URS,Ice Hockey
URS,Ice Hockey
URS,Ice Hockey
URS,Ice Hockey
URS,Ice Hockey
URS,Ice Hockey
URS,Ice Hockey
URS,Ice Hockey
URS,Pairs
URS,Pairs
URS,1000M
URS,1000M
URS,1500M
URS,1500M
URS,1500M
URS,3000M
URS,3000M
URS,500M
URS,500M
URS,500M
URS,500M
URS,500M
URS,10KM
URS,10KM
URS,10KM
URS,30KM Mass Start
URS,3X5KM Relay
URS,3X5KM Relay
URS,3X5KM Relay
URS,4X10KM Relay
URS,4X10KM Relay
URS,4X10KM Relay
URS,4X10KM Relay
URS,5KM
URS,5KM
URS,Individual
USA,Individual
USA,Pairs
USA,Pairs
USA,500M
USA,Giant Slalom
USA,Slalom
USA,Slalom
USA,Slalom
AUT,Four-Man
AUT,Four-Man
AUT,Four-Man
AUT,Four-Man
AUT,Doubles
AUT,Doubles
AUT,Singles
AUT,Individual
AUT,Downhill
AUT,Downhill
AUT,Giant Slalom
AUT,Slalom
AUT,Slalom
AUT,K90 Individual (70M)
AUT,K90 Individual (70M)
CAN,Ice Hockey
CAN,Ice Hockey
CAN,Ice Hockey
CAN,Ice Hockey
CAN,Ice Hockey
CAN,Ice Hockey
CAN,Ice Hockey
CAN,Ice Hockey
CAN,Ice Hockey
CAN,Ice Hockey
CAN,Ice Hockey
CAN,Ice Hockey
CAN,Ice Hockey
CAN,Ice Hockey
CAN,Ice Hockey
CAN,Ice Hockey
CAN,Ice Hockey
CAN,Ice Hockey
CAN,Giant Slalom
CAN,Slalom
FIN,1500M
FIN,3000M
FIN,15KM
FIN,30KM Mass Start
FIN,4X10KM Relay
FIN,4X10KM Relay
FIN,4X10KM Relay
FIN,4X10KM Relay
FRA,Individual
FRA,Downhill
FRA,Downhill
FRA,Downhill
FRA,Giant Slalom
FRA,Giant Slalom
FRA,Slalom
FRA,Slalom
FRA,Slalom
FRG,Two-Man
FRG,Two-Man
FRG,Doubles
FRG,Doubles
FRG,Singles
FRG,Singles
FRG,Pairs
FRG,Pairs
FRG,500M
FRG,Individual
GDR,Doubles
GDR,Doubles
GDR,Singles
GDR,Singles
GDR,Individual
GDR,Individual
ITA,Four-Man
ITA,Four-Man
ITA,Four-Man
ITA,Four-Man
ITA,Two-Man
ITA,Two-Man
ITA,Singles
ITA,30KM Mass Start
NED,1000M
NED,1500M
NED,1500M
NED,1500M
NED,1500M
NED,3000M
NED,3000M
NED,5000M
NED,5000M
NOR,20KM
NOR,4X7.5KM Relay
NOR,4X7.5KM Relay
NOR,4X7.5KM Relay
NOR,4X7.5KM Relay
NOR,10000M
NOR,1500M
NOR,5000M
NOR,500M
NOR,10KM
NOR,10KM
NOR,15KM
NOR,30KM Mass Start
NOR,3X5KM Relay
NOR,3X5KM Relay
NOR,3X5KM Relay
NOR,4X10KM Relay
NOR,4X10KM Relay
NOR,4X10KM Relay
NOR,4X10KM Relay
NOR,50KM
NOR,K120 Individual (90M)
ROU,Two-Man
ROU,Two-Man
SUI,Four-Man
SUI,Four-Man
SUI,Four-Man
SUI,Four-Man
SUI,Downhill
SUI,Giant Slalom
SUI,Giant Slalom
SUI,50KM
SUI,Individual
SWE,4X7.5KM Relay
SWE,4X7.5KM Relay
SWE,4X7.5KM Relay
SWE,4X7.5KM Relay
SWE,10000M
SWE,10000M
SWE,10KM
SWE,15KM
SWE,3X5KM Relay
SWE,3X5KM Relay
SWE,3X5KM Relay
SWE,4X10KM Relay
SWE,4X10KM Relay
SWE,4X10KM Relay
SWE,4X10KM Relay
SWE,5KM
TCH,Ice Hockey
TCH,Ice Hockey
TCH,Ice Hockey
TCH,Ice Hockey
TCH,Ice Hockey
TCH,Ice Hockey
TCH,Ice Hockey
TCH,Ice Hockey
TCH,Ice Hockey
TCH,Ice Hockey
TCH,Ice Hockey
TCH,Ice Hockey
TCH,Ice Hockey
TCH,Ice Hockey
TCH,Ice Hockey
TCH,Ice Hockey
TCH,Ice Hockey
TCH,Ice Hockey
TCH,Individual
TCH,K120 Individual (90M)
TCH,K90 Individual (70M)
URS,20KM
URS,20KM
URS,4X7.5KM Relay
URS,4X7.5KM Relay
URS,4X7.5KM Relay
URS,4X7.5KM Relay
URS,Ice Hockey
URS,Ice Hockey
URS,Ice Hockey
URS,Ice Hockey
URS,Ice Hockey
URS,Ice Hockey
URS,Ice Hockey
URS,Ice Hockey
URS,Ice Hockey
URS,Ice Hockey
URS,Ice Hockey
URS,Ice Hockey
URS,Ice Hockey
URS,Ice Hockey
URS,Ice Hockey
URS,Ice Hockey
URS,Ice Hockey
URS,Ice Hockey
URS,Pairs
URS,Pairs
URS,Pairs
URS,Pairs
URS,1000M
URS,500M
URS,3X5KM Relay
URS,3X5KM Relay
URS,3X5KM Relay
URS,50KM
URS,5KM
URS,5KM
URS,K120 Individual (90M)
USA,Individual
USA,Individual
USA,1000M
USA,500M
USA,500M
USA,500M
USA,500M
AUT,Individual
AUT,Downhill
AUT,Downhill
AUT,Giant Slalom
AUT,Giant Slalom
CAN,Individual
ESP,Slalom
FIN,4X7.5KM Relay
FIN,4X7.5KM Relay
FIN,4X7.5KM Relay
FIN,4X7.5KM Relay
FIN,10KM
FIN,3X5KM Relay
FIN,3X5KM Relay
FIN,3X5KM Relay
FIN,5KM
FIN,Individual
FRA,Individual
FRA,Slalom
FRA,Slalom
FRG,Four-Man
FRG,Four-Man
FRG,Four-Man
FRG,Four-Man
FRG,Two-Man
FRG,Two-Man
FRG,Two-Man
FRG,Two-Man
FRG,1000M
FRG,500M
GDR,20KM
GDR,4X7.5KM Relay
GDR,4X7.5KM Relay
GDR,4X7.5KM Relay
GDR,4X7.5KM Relay
GDR,Doubles
GDR,Doubles
GDR,Doubles
GDR,Doubles
GDR,Singles
GDR,Singles
GDR,Singles
GDR,Singles
GDR,Singles
GDR,Singles
GDR,Pairs
GDR,Pairs
GDR,Individual
GDR,Individual
GDR,K120 Individual (90M)
ITA,Four-Man
ITA,Four-Man
ITA,Four-Man
ITA,Four-Man
ITA,Doubles
ITA,Doubles
ITA,Giant Slalom
ITA,Slalom
ITA,Slalom
JPN,K90 Individual (70M)
JPN,K90 Individual (70M)
JPN,K90 Individual (70M)
NED,10000M
NED,10000M
NED,1000M
NED,1500M
NED,1500M
NED,1500M
NED,3000M
NED,3000M
NED,5000M
NOR,20KM
NOR,10000M
NOR,1500M
NOR,5000M
NOR,5000M
NOR,15KM
NOR,30KM Mass Start
NOR,30KM Mass Start
NOR,3X5KM Relay
NOR,3X5KM Relay
NOR,3X5KM Relay
NOR,4X10KM Relay
NOR,4X10KM Relay
NOR,4X10KM Relay
NOR,4X10KM Relay
NOR,50KM
NOR,50KM
POL,K120 Individual (90M)
SUI,Four-Man
SUI,Four-Man
SUI,Four-Man
SUI,Four-Man
SUI,Two-Man
SUI,Two-Man
SUI,Downhill
SUI,Downhill
SUI,Downhill
SUI,Giant Slalom
SUI,Giant Slalom
SUI,Giant Slalom
SUI,4X10KM Relay
SUI,4X10KM Relay
SUI,4X10KM Relay
SUI,4X10KM Relay
SUI,K120 Individual (90M)
SWE,20KM
SWE,1500M
SWE,500M
SWE,15KM
TCH,Ice Hockey
TCH,Ice Hockey
TCH,Ice Hockey
TCH,Ice Hockey
TCH,Ice Hockey
TCH,Ice Hockey
TCH,Ice Hockey
TCH,Ice Hockey
TCH,Ice Hockey
TCH,Ice Hockey
TCH,Ice Hockey
TCH,Ice Hockey
TCH,Ice Hockey
TCH,Ice Hockey
TCH,Ice Hockey
TCH,Ice Hockey
TCH,Ice Hockey
TCH,Ice Hockey
TCH,Individual
TCH,5KM
URS,4X7.5KM Relay
URS,4X7.5KM Relay
URS,4X7.5KM Relay
URS,4X7.5KM Relay
URS,Ice Hockey
URS,Ice Hockey
URS,Ice Hockey
URS,Ice Hockey
URS,Ice Hockey
URS,Ice Hockey
URS,Ice Hockey
URS,Ice Hockey
URS,Ice Hockey
URS,Ice Hockey
URS,Ice Hockey
URS,Ice Hockey
URS,Ice Hockey
URS,Ice Hockey
URS,Ice Hockey
URS,Ice Hockey
URS,Ice Hockey
URS,Ice Hockey
URS,Ice Hockey
URS,Ice Hockey
URS,Individual
URS,Pairs
URS,Pairs
URS,Pairs
URS,Pairs
URS,500M
URS,500M
URS,500M
URS,10KM
URS,10KM
URS,15KM
URS,30KM Mass Start
URS,3X5KM Relay
URS,3X5KM Relay
URS,3X5KM Relay
URS,4X10KM Relay
URS,4X10KM Relay
URS,4X10KM Relay
URS,4X10KM Relay
URS,50KM
URS,5KM
USA,Ice Hockey
USA,Ice Hockey
USA,Ice Hockey
USA,Ice Hockey
USA,Ice Hockey
USA,Ice Hockey
USA,Ice Hockey
USA,Ice Hockey
USA,Ice Hockey
USA,Ice Hockey
USA,Ice Hockey
USA,Ice Hockey
USA,Ice Hockey
USA,Ice Hockey
USA,Ice Hockey
USA,Ice Hockey
USA,Ice Hockey
USA,Ice Hockey
USA,Individual
USA,1000M
USA,1500M
USA,3000M
USA,500M
USA,Downhill
USA,Slalom
AUT,Doubles
AUT,Doubles
AUT,Downhill
AUT,Downhill
AUT,K120 Individual (90M)
AUT,K120 Individual (90M)
AUT,K90 Individual (70M)
CAN,Individual
CAN,500M
CAN,Giant Slalom
FIN,20KM
FIN,4X7.5KM Relay
FIN,4X7.5KM Relay
FIN,4X7.5KM Relay
FIN,4X7.5KM Relay
FIN,10KM
FIN,15KM
FIN,4X10KM Relay
FIN,4X10KM Relay
FIN,4X10KM Relay
FIN,4X10KM Relay
FIN,4X5KM Relay
FIN,4X5KM Relay
FIN,4X5KM Relay
FIN,4X5KM Relay
FIN,5KM
FRA,Giant Slalom
FRG,Four-Man
FRG,Four-Man
FRG,Four-Man
FRG,Four-Man
FRG,Two-Man
FRG,Two-Man
FRG,Ice Hockey
FRG,Ice Hockey
FRG,Ice Hockey
FRG,Ice Hockey
FRG,Ice Hockey
FRG,Ice Hockey
FRG,Ice Hockey
FRG,Ice Hockey
FRG,Ice Hockey
FRG,Ice Hockey
FRG,Ice Hockey
FRG,Ice Hockey
FRG,Ice Hockey
FRG,Ice Hockey
FRG,Ice Hockey
FRG,Ice Hockey
FRG,Ice Hockey
FRG,Ice Hockey
FRG,Doubles
FRG,Doubles
FRG,Singles
FRG,Singles
FRG,Downhill
FRG,Giant Slalom
FRG,Slalom
FRG,Individual
GBR,Individual
GDR,4X7.5KM Relay
GDR,4X7.5KM Relay
GDR,4X7.5KM Relay
GDR,4X7.5KM Relay
GDR,Four-Man
GDR,Four-Man
GDR,Four-Man
GDR,Four-Man
GDR,Two-Man
GDR,Two-Man
GDR,Doubles
GDR,Doubles
GDR,Singles
GDR,Singles
GDR,Singles
GDR,Singles
GDR,Individual
GDR,Pairs
GDR,Pairs
GDR,Pairs
GDR,Pairs
GDR,3000M
GDR,4X5KM Relay
GDR,4X5KM Relay
GDR,4X5KM Relay
GDR,4X5KM Relay
GDR,50KM
GDR,Individual
GDR,Individual
GDR,K120 Individual (90M)
GDR,K90 Individual (70M)
GDR,K90 Individual (70M)
ITA,Downhill
ITA,Slalom
ITA,Slalom
ITA,Slalom
LIE,Slalom
LIE,Slalom
NED,Individual
NED,10000M
NED,10000M
NED,1500M
NED,5000M
NED,5000M
NOR,10000M
NOR,1000M
NOR,1500M
NOR,3000M
NOR,5000M
NOR,4X10KM Relay
NOR,4X10KM Relay
NOR,4X10KM Relay
NOR,4X10KM Relay
NOR,50KM
SUI,Four-Man
SUI,Four-Man
SUI,Four-Man
SUI,Four-Man
SUI,Two-Man
SUI,Two-Man
SUI,Downhill
SUI,Giant Slalom
SUI,Giant Slalom
SWE,Giant Slalom
SWE,50KM
TCH,Ice Hockey
TCH,Ice Hockey
TCH,Ice Hockey
TCH,Ice Hockey
TCH,Ice Hockey
TCH,Ice Hockey
TCH,Ice Hockey
TCH,Ice Hockey
TCH,Ice Hockey
TCH,Ice Hockey
TCH,Ice Hockey
TCH,Ice Hockey
TCH,Ice Hockey
TCH,Ice Hockey
TCH,Ice Hockey
TCH,Ice Hockey
TCH,Ice Hockey
TCH,Ice Hockey
URS,20KM
URS,20KM
URS,4X7.5KM Relay
URS,4X7.5KM Relay
URS,4X7.5KM Relay
URS,4X7.5KM Relay
URS,Ice Hockey
URS,Ice Hockey
URS,Ice Hockey
URS,Ice Hockey
URS,Ice Hockey
URS,Ice Hockey
URS,Ice Hockey
URS,Ice Hockey
URS,Ice Hockey
URS,Ice Hockey
URS,Ice Hockey
URS,Ice Hockey
URS,Ice Hockey
URS,Ice Hockey
URS,Ice Hockey
URS,Ice Hockey
URS,Ice Hockey
URS,Ice Hockey
URS,Ice Dancing
URS,Ice Dancing
URS,Ice Dancing
URS,Ice Dancing
URS,Individual
URS,Pairs
URS,Pairs
URS,1000M
URS,1000M
URS,1500M
URS,1500M
URS,1500M
URS,3000M
URS,500M
URS,500M
URS,500M
URS,10KM
URS,10KM
URS,15KM
URS,15KM
URS,30KM Mass Start
URS,30KM Mass Start
URS,4X10KM Relay
URS,4X10KM Relay
URS,4X10KM Relay
URS,4X10KM Relay
URS,4X5KM Relay
URS,4X5KM Relay
URS,4X5KM Relay
URS,4X5KM Relay
URS,5KM
URS,5KM
USA,Ice Dancing
USA,Ice Dancing
USA,Individual
USA,1000M
USA,1000M
USA,1000M
USA,1500M
USA,500M
USA,500M
USA,Downhill
USA,30KM Mass Start
AUT,Doubles
AUT,Doubles
AUT,Downhill
AUT,Downhill
AUT,Downhill
AUT,Giant Slalom
AUT,K120 Individual (90M)
AUT,K90 Individual (70M)
BUL,30KM Mass Start
CAN,1000M
CAN,Downhill
FIN,10KM
FIN,10KM
FIN,15KM
FIN,4X10KM Relay
FIN,4X10KM Relay
FIN,4X10KM Relay
FIN,4X10KM Relay
FIN,50KM
FIN,5KM
FIN,Individual
FIN,K120 Individual (90M)
FIN,K120 Individual (90M)
FRA,Giant Slalom
FRG,4X7.5KM Relay
FRG,4X7.5KM Relay
FRG,4X7.5KM Relay
FRG,4X7.5KM Relay
FRG,Singles
FRG,Individual
FRG,Giant Slalom
FRG,Slalom
GBR,Individual
GDR,10KM
GDR,20KM
GDR,20KM
GDR,4X7.5KM Relay
GDR,4X7.5KM Relay
GDR,4X7.5KM Relay
GDR,4X7.5KM Relay
GDR,Four-Man
GDR,Four-Man
GDR,Four-Man
GDR,Four-Man
GDR,Four-Man
GDR,Four-Man
GDR,Four-Man
GDR,Four-Man
GDR,Two-Man
GDR,Two-Man
GDR,Two-Man
GDR,Two-Man
GDR,Doubles
GDR,Doubles
GDR,Singles
GDR,Singles
GDR,Individual
GDR,Individual
GDR,Pairs
GDR,Pairs
GDR,1000M
GDR,1500M
GDR,3000M
GDR,500M
GDR,10KM
GDR,4X5KM Relay
GDR,4X5KM Relay
GDR,4X5KM Relay
GDR,4X5KM Relay
GDR,Individual
GDR,Individual
GDR,K90 Individual (70M)
HUN,Ice Dancing
HUN,Ice Dancing
ITA,Doubles
ITA,Doubles
ITA,Singles
JPN,K90 Individual (70M)
LIE,Downhill
LIE,Giant Slalom
LIE,Giant Slalom
LIE,Slalom
NED,10000M
NED,1500M
NED,1500M
NED,500M
NOR,10000M
NOR,1000M
NOR,1500M
NOR,1500M
NOR,3000M
NOR,5000M
NOR,5000M
NOR,15KM
NOR,4X10KM Relay
NOR,4X10KM Relay
NOR,4X10KM Relay
NOR,4X10KM Relay
NOR,4X5KM Relay
NOR,4X5KM Relay
NOR,4X5KM Relay
NOR,4X5KM Relay
SUI,Four-Man
SUI,Four-Man
SUI,Four-Man
SUI,Four-Man
SUI,Two-Man
SUI,Two-Man
SUI,Downhill
SUI,Slalom
SUI,Slalom
SWE,Ice Hockey
SWE,Ice Hockey
SWE,Ice Hockey
SWE,Ice Hockey
SWE,Ice Hockey
SWE,Ice Hockey
SWE,Ice Hockey
SWE,Ice Hockey
SWE,Ice Hockey
SWE,Ice Hockey
SWE,Ice Hockey
SWE,Ice Hockey
SWE,Ice Hockey
SWE,Ice Hockey
SWE,Ice Hockey
SWE,Ice Hockey
SWE,Ice Hockey
SWE,Ice Hockey
SWE,Ice Hockey
SWE,Giant Slalom
SWE,Slalom
SWE,15KM
TCH,5KM
URS,10KM
URS,10KM
URS,20KM
URS,4X7.5KM Relay
URS,4X7.5KM Relay
URS,4X7.5KM Relay
URS,4X7.5KM Relay
URS,Ice Hockey
URS,Ice Hockey
URS,Ice Hockey
URS,Ice Hockey
URS,Ice Hockey
URS,Ice Hockey
URS,Ice Hockey
URS,Ice Hockey
URS,Ice Hockey
URS,Ice Hockey
URS,Ice Hockey
URS,Ice Hockey
URS,Ice Hockey
URS,Ice Hockey
URS,Ice Hockey
URS,Ice Hockey
URS,Ice Hockey
URS,Ice Hockey
URS,Ice Hockey
URS,Ice Hockey
URS,Singles
URS,Singles
URS,Ice Dancing
URS,Ice Dancing
URS,Ice Dancing
URS,Ice Dancing
URS,Pairs
URS,Pairs
URS,Pairs
URS,Pairs
URS,1000M
URS,1000M
URS,500M
URS,500M
URS,30KM Mass Start
URS,30KM Mass Start
URS,4X10KM Relay
URS,4X10KM Relay
URS,4X10KM Relay
URS,4X10KM Relay
URS,4X5KM Relay
URS,4X5KM Relay
URS,4X5KM Relay
URS,4X5KM Relay
URS,50KM
URS,50KM
URS,5KM
USA,Ice Hockey
USA,Ice Hockey
USA,Ice Hockey
USA,Ice Hockey
USA,Ice Hockey
USA,Ice Hockey
USA,Ice Hockey
USA,Ice Hockey
USA,Ice Hockey
USA,Ice Hockey
USA,Ice Hockey
USA,Ice Hockey
USA,Ice Hockey
USA,Ice Hockey
USA,Ice Hockey
USA,Ice Hockey
USA,Ice Hockey
USA,Ice Hockey
USA,Ice Hockey
USA,Individual
USA,Individual
USA,10000M
USA,1000M
USA,1000M
USA,1500M
USA,3000M
USA,5000M
USA,500M
USA,500M
USA,Slalom
AUT,Downhill
CAN,Individual
CAN,1000M
CAN,1500M
CAN,500M
FIN,10KM
FIN,15KM
FIN,15KM
FIN,20KM
FIN,4X10KM Relay
FIN,4X10KM Relay
FIN,4X10KM Relay
FIN,4X10KM Relay
FIN,4X5KM Relay
FIN,4X5KM Relay
FIN,4X5KM Relay
FIN,4X5KM Relay
FIN,50KM
FIN,5KM
FIN,Individual
FIN,Individual
FIN,K120 Individual (90M)
FIN,K90 Individual (70M)
FIN,K90 Individual (70M)
FRA,Giant Slalom
FRA,Slalom
FRA,Slalom
FRG,10KM
FRG,20KM
FRG,4X7.5KM Relay
FRG,4X7.5KM Relay
FRG,4X7.5KM Relay
FRG,4X7.5KM Relay
FRG,Doubles
FRG,Doubles
GBR,Ice Dancing
GBR,Ice Dancing
GDR,10KM
GDR,20KM
GDR,Four-Man
GDR,Four-Man
GDR,Four-Man
GDR,Four-Man
GDR,Four-Man
GDR,Four-Man
GDR,Four-Man
GDR,Four-Man
GDR,Two-Man
GDR,Two-Man
GDR,Two-Man
GDR,Two-Man
GDR,Doubles
GDR,Doubles
GDR,Singles
GDR,Singles
GDR,Singles
GDR,Individual
GDR,10000M
GDR,1000M
GDR,1000M
GDR,1500M
GDR,1500M
GDR,3000M
GDR,3000M
GDR,3000M
GDR,5000M
GDR,500M
GDR,500M
GDR,K120 Individual (90M)
GDR,K90 Individual (70M)
ITA,Singles
ITA,Slalom
JPN,500M
LIE,Giant Slalom
LIE,Slalom
NOR,10KM
NOR,20KM
NOR,4X7.5KM Relay
NOR,4X7.5KM Relay
NOR,4X7.5KM Relay
NOR,4X7.5KM Relay
NOR,1000M
NOR,10KM
NOR,20KM
NOR,4X5KM Relay
NOR,4X5KM Relay
NOR,4X5KM Relay
NOR,4X5KM Relay
NOR,5KM
NOR,Individual
SUI,Four-Man
SUI,Four-Man
SUI,Four-Man
SUI,Four-Man
SUI,Downhill
SUI,Downhill
SUI,Downhill
SUI,Giant Slalom
SWE,Ice Hockey
SWE,Ice Hockey
SWE,Ice Hockey
SWE,Ice Hockey
SWE,Ice Hockey
SWE,Ice Hockey
SWE,Ice Hockey
SWE,Ice Hockey
SWE,Ice Hockey
SWE,Ice Hockey
SWE,Ice Hockey
SWE,Ice Hockey
SWE,Ice Hockey
SWE,Ice Hockey
SWE,Ice Hockey
SWE,Ice Hockey
SWE,Ice Hockey
SWE,Ice Hockey
SWE,Ice Hockey
SWE,Ice Hockey
SWE,10000M
SWE,5000M
SWE,15KM
SWE,30KM Mass Start
SWE,4X10KM Relay
SWE,4X10KM Relay
SWE,4X10KM Relay
SWE,4X10KM Relay
SWE,50KM
SWE,50KM
TCH,Ice Hockey
TCH,Ice Hockey
TCH,Ice Hockey
TCH,Ice Hockey
TCH,Ice Hockey
TCH,Ice Hockey
TCH,Ice Hockey
TCH,Ice Hockey
TCH,Ice Hockey
TCH,Ice Hockey
TCH,Ice Hockey
TCH,Ice Hockey
TCH,Ice Hockey
TCH,Ice Hockey
TCH,Ice Hockey
TCH,Ice Hockey
TCH,Ice Hockey
TCH,Ice Hockey
TCH,Ice Hockey
TCH,Ice Hockey
TCH,Individual
TCH,Downhill
TCH,4X5KM Relay
TCH,4X5KM Relay
TCH,4X5KM Relay
TCH,4X5KM Relay
TCH,5KM
TCH,K120 Individual (90M)
URS,4X7.5KM Relay
URS,4X7.5KM Relay
URS,4X7.5KM Relay
URS,4X7.5KM Relay
URS,Two-Man
URS,Two-Man
URS,Ice Hockey
URS,Ice Hockey
URS,Ice Hockey
URS,Ice Hockey
URS,Ice Hockey
URS,Ice Hockey
URS,Ice Hockey
URS,Ice Hockey
URS,Ice Hockey
URS,Ice Hockey
URS,Ice Hockey
URS,Ice Hockey
URS,Ice Hockey
URS,Ice Hockey
URS,Ice Hockey
URS,Ice Hockey
URS,Ice Hockey
URS,Ice Hockey
URS,Ice Hockey
URS,Ice Hockey
URS,Doubles
URS,Doubles
URS,Singles
URS,Singles
URS,Ice Dancing
URS,Ice Dancing
URS,Ice Dancing
URS,Ice Dancing
URS,Individual
URS,Pairs
URS,Pairs
URS,Pairs
URS,Pairs
URS,10000M
URS,1000M
URS,1000M
URS,1500M
URS,1500M
URS,1500M
URS,5000M
URS,500M
URS,500M
URS,10KM
URS,20KM
URS,30KM Mass Start
URS,30KM Mass Start
URS,4X10KM Relay
URS,4X10KM Relay
URS,4X10KM Relay
URS,4X10KM Relay
USA,Individual
USA,Individual
USA,Pairs
USA,Pairs
USA,Downhill
USA,Giant Slalom
USA,Giant Slalom
USA,Slalom
USA,Slalom
YUG,Giant Slalom
AUT,10000M
AUT,1500M
AUT,Alpine Combined
AUT,Alpine Combined
AUT,Alpine Combined
AUT,Giant Slalom
AUT,Super-G
AUT,Super-G
AUT,Individual
AUT,Team
AUT,Team
AUT,Team
CAN,Ice Dancing
CAN,Ice Dancing
CAN,Individual
CAN,Individual
CAN,Downhill
CAN,Super-G
FIN,Ice Hockey
FIN,Ice Hockey
FIN,Ice Hockey
FIN,Ice Hockey
FIN,Ice Hockey
FIN,Ice Hockey
FIN,Ice Hockey
FIN,Ice Hockey
FIN,Ice Hockey
FIN,Ice Hockey
FIN,Ice Hockey
FIN,Ice Hockey
FIN,Ice Hockey
FIN,Ice Hockey
FIN,Ice Hockey
FIN,Ice Hockey
FIN,Ice Hockey
FIN,Ice Hockey
FIN,Ice Hockey
FIN,Ice Hockey
FIN,Ice Hockey
FIN,Ice Hockey
FIN,10KM
FIN,4X5KM Relay
FIN,4X5KM Relay
FIN,4X5KM Relay
FIN,4X5KM Relay
FIN,5KM
FIN,K120 Individual (90M)
FIN,K120 Team (90M)
FIN,K120 Team (90M)
FIN,K120 Team (90M)
FIN,K120 Team (90M)
FIN,K90 Individual (70M)
FRA,Downhill
FRA,Super-G
FRG,4X7.5KM Relay
FRG,4X7.5KM Relay
FRG,4X7.5KM Relay
FRG,4X7.5KM Relay
FRG,Doubles
FRG,Doubles
FRG,Singles
FRG,Downhill
FRG,Giant Slalom
FRG,Slalom
FRG,Slalom
FRG,Team
FRG,Team
FRG,Team
GDR,10KM
GDR,20KM
GDR,Four-Man
GDR,Four-Man
GDR,Four-Man
GDR,Four-Man
GDR,Two-Man
GDR,Two-Man
GDR,Two-Man
GDR,Two-Man
GDR,Doubles
GDR,Doubles
GDR,Doubles
GDR,Doubles
GDR,Singles
GDR,Singles
GDR,Singles
GDR,Singles
GDR,Individual
GDR,1000M
GDR,1000M
GDR,1000M
GDR,1500M
GDR,1500M
GDR,1500M
GDR,3000M
GDR,3000M
GDR,5000M
GDR,5000M
GDR,500M
GDR,500M
GDR,500M
ITA,20KM
ITA,4X7.5KM Relay
ITA,4X7.5KM Relay
ITA,4X7.5KM Relay
ITA,4X7.5KM Relay
ITA,Giant Slalom
ITA,Slalom
ITA,50KM
JPN,500M
LIE,Slalom
NED,10000M
NED,1500M
NED,3000M
NED,5000M
NED,5000M
NED,5000M
NED,500M
NOR,15KM
NOR,30KM Mass Start
NOR,4X5KM Relay
NOR,4X5KM Relay
NOR,4X5KM Relay
NOR,4X5KM Relay
NOR,K120 Individual (90M)
NOR,K120 Team (90M)
NOR,K120 Team (90M)
NOR,K120 Team (90M)
NOR,K120 Team (90M)
SUI,Four-Man
SUI,Four-Man
SUI,Four-Man
SUI,Four-Man
SUI,Alpine Combined
SUI,Alpine Combined
SUI,Alpine Combined
SUI,Downhill
SUI,Downhill
SUI,Downhill
SUI,Giant Slalom
SUI,Giant Slalom
SUI,Giant Slalom
SUI,Slalom
SUI,Super-G
SUI,50KM
SUI,Individual
SUI,Team
SUI,Team
SUI,Team
SWE,Ice Hockey
SWE,Ice Hockey
SWE,Ice Hockey
SWE,Ice Hockey
SWE,Ice Hockey
SWE,Ice Hockey
SWE,Ice Hockey
SWE,Ice Hockey
SWE,Ice Hockey
SWE,Ice Hockey
SWE,Ice Hockey
SWE,Ice Hockey
SWE,Ice Hockey
SWE,Ice Hockey
SWE,Ice Hockey
SWE,Ice Hockey
SWE,Ice Hockey
SWE,Ice Hockey
SWE,Ice Hockey
SWE,Ice Hockey
SWE,Ice Hockey
SWE,Ice Hockey
SWE,10000M
SWE,5000M
SWE,Super-G
SWE,4X10KM Relay
SWE,4X10KM Relay
SWE,4X10KM Relay
SWE,4X10KM Relay
SWE,50KM
TCH,4X10KM Relay
TCH,4X10KM Relay
TCH,4X10KM Relay
TCH,4X10KM Relay
TCH,K90 Individual (70M)
TCH,K90 Individual (70M)
URS,10KM
URS,10KM
URS,20KM
URS,4X7.5KM Relay
URS,4X7.5KM Relay
URS,4X7.5KM Relay
URS,4X7.5KM Relay
URS,Four-Man
URS,Four-Man
URS,Four-Man
URS,Four-Man
URS,Two-Man
URS,Two-Man
URS,Ice Hockey
URS,Ice Hockey
URS,Ice Hockey
URS,Ice Hockey
URS,Ice Hockey
URS,Ice Hockey
URS,Ice Hockey
URS,Ice Hockey
URS,Ice Hockey
URS,Ice Hockey
URS,Ice Hockey
URS,Ice Hockey
URS,Ice Hockey
URS,Ice Hockey
URS,Ice Hockey
URS,Ice Hockey
URS,Ice Hockey
URS,Ice Hockey
URS,Ice Hockey
URS,Ice Hockey
URS,Ice Hockey
URS,Ice Hockey
URS,Singles
URS,Ice Dancing
URS,Ice Dancing
URS,Ice Dancing
URS,Ice Dancing
URS,Individual
URS,Pairs
URS,Pairs
URS,Pairs
URS,Pairs
URS,1000M
URS,1000M
URS,10KM
URS,10KM
URS,15KM
URS,15KM
URS,20KM
URS,20KM
URS,20KM
URS,30KM Mass Start
URS,30KM Mass Start
URS,4X10KM Relay
URS,4X10KM Relay
URS,4X10KM Relay
URS,4X10KM Relay
URS,4X5KM Relay
URS,4X5KM Relay
URS,4X5KM Relay
URS,4X5KM Relay
URS,5KM
URS,5KM
URS,Individual
USA,Individual
USA,Individual
USA,Pairs
USA,Pairs
USA,1000M
USA,1500M
USA,500M
YUG,Slalom
YUG,K120 Individual (90M)
YUG,K120 Team (90M)
YUG,K120 Team (90M)
YUG,K120 Team (90M)
YUG,K120 Team (90M)
AUT,Four-Man
AUT,Four-Man
AUT,Four-Man
AUT,Four-Man
AUT,Singles
AUT,Singles
AUT,Singles
AUT,Singles
AUT,3000M
AUT,Alpine Combined
AUT,Alpine Combined
AUT,Downhill
AUT,Downhill
AUT,Downhill
AUT,Giant Slalom
AUT,Slalom
AUT,Slalom
AUT,Individual
AUT,Team
AUT,Team
AUT,Team
AUT,K120 Individual (90M)
AUT,K120 Individual (90M)
AUT,K120 Team (90M)
AUT,K120 Team (90M)
AUT,K120 Team (90M)
AUT,K120 Team (90M)
AUT,K90 Individual (70M)
AUT,K90 Individual (70M)
CAN,15KM
CAN,Ice Hockey
CAN,Ice Hockey
CAN,Ice Hockey
CAN,Ice Hockey
CAN,Ice Hockey
CAN,Ice Hockey
CAN,Ice Hockey
CAN,Ice Hockey
CAN,Ice Hockey
CAN,Ice Hockey
CAN,Ice Hockey
CAN,Ice Hockey
CAN,Ice Hockey
CAN,Ice Hockey
CAN,Ice Hockey
CAN,Ice Hockey
CAN,Ice Hockey
CAN,Ice Hockey
CAN,Ice Hockey
CAN,Ice Hockey
CAN,Ice Hockey
CAN,Ice Hockey
CAN,Ice Hockey
CAN,Pairs
CAN,Pairs
CAN,1000M
CAN,3000M Relay
CAN,3000M Relay
CAN,3000M Relay
CAN,3000M Relay
CAN,5000M Relay
CAN,5000M Relay
CAN,5000M Relay
CAN,5000M Relay
CAN,5000M Relay
CAN,Downhill
CHN,500M
CHN,1000M
CHN,500M
ESP,Slalom
EUN,15KM
EUN,20KM
EUN,4X7.5KM Relay
EUN,4X7.5KM Relay
EUN,4X7.5KM Relay
EUN,4X7.5KM Relay
EUN,4X7.5KM Relay
EUN,4X7.5KM Relay
EUN,4X7.5KM Relay
EUN,7.5KM
EUN,7.5KM
EUN,Ice Hockey
EUN,Ice Hockey
EUN,Ice Hockey
EUN,Ice Hockey
EUN,Ice Hockey
EUN,Ice Hockey
EUN,Ice Hockey
EUN,Ice Hockey
EUN,Ice Hockey
EUN,Ice Hockey
EUN,Ice Hockey
EUN,Ice Hockey
EUN,Ice Hockey
EUN,Ice Hockey
EUN,Ice Hockey
EUN,Ice Hockey
EUN,Ice Hockey
EUN,Ice Hockey
EUN,Ice Hockey
EUN,Ice Hockey
EUN,Ice Hockey
EUN,Ice Hockey
EUN,Ice Hockey
EUN,Ice Dancing
EUN,Ice Dancing
EUN,Ice Dancing
EUN,Ice Dancing
EUN,Individual
EUN,Pairs
EUN,Pairs
EUN,Pairs
EUN,Pairs
EUN,3000M Relay
EUN,3000M Relay
EUN,3000M Relay
EUN,3000M Relay
EUN,15KM Mass Start
EUN,15KM Mass Start
EUN,30KM
EUN,30KM
EUN,4X5KM Relay
EUN,4X5KM Relay
EUN,4X5KM Relay
EUN,4X5KM Relay
EUN,5KM
EUN,5KM
EUN,Combined 5KM + 10KM Pursuit
EUN,Combined 5KM + 10KM Pursuit
EUN,Moguls
FIN,10KM
FIN,15KM Mass Start
FIN,4X10KM Relay
FIN,4X10KM Relay
FIN,4X10KM Relay
FIN,4X10KM Relay
FIN,5KM
FIN,K120 Individual (90M)
FIN,K120 Team (90M)
FIN,K120 Team (90M)
FIN,K120 Team (90M)
FIN,K120 Team (90M)
FIN,K90 Individual (70M)
FRA,4X7.5KM Relay
FRA,4X7.5KM Relay
FRA,4X7.5KM Relay
FRA,Ice Dancing
FRA,Ice Dancing
FRA,Alpine Combined
FRA,Downhill
FRA,Super-G
FRA,Moguls
FRA,Moguls
FRA,Individual
FRA,Individual
GER,10KM
GER,10KM
GER,15KM
GER,20KM
GER,4X7.5KM Relay
GER,4X7.5KM Relay
GER,4X7.5KM Relay
GER,4X7.5KM Relay
GER,4X7.5KM Relay
GER,4X7.5KM Relay
GER,4X7.5KM Relay
GER,7.5KM
GER,Four-Man
GER,Four-Man
GER,Four-Man
GER,Four-Man
GER,Two-Man
GER,Two-Man
GER,Two-Man
GER,Two-Man
GER,Doubles
GER,Doubles
GER,Doubles
GER,Doubles
GER,Singles
GER,Singles
GER,1000M
GER,1000M
GER,1500M
GER,1500M
GER,3000M
GER,3000M
GER,5000M
GER,5000M
GER,5000M
GER,500M
GER,500M
GER,Super-G
ITA,Doubles
ITA,Doubles
ITA,Alpine Combined
ITA,Alpine Combined
ITA,Giant Slalom
ITA,Slalom
ITA,Super-G
ITA,10KM Pursuit
ITA,30KM
ITA,4X10KM Relay
ITA,4X10KM Relay
ITA,4X10KM Relay
ITA,4X10KM Relay
ITA,4X5KM Relay
ITA,4X5KM Relay
ITA,4X5KM Relay
ITA,4X5KM Relay
ITA,50KM
ITA,50KM
ITA,Combined 10KM + 15KM Pursuit
ITA,Combined 5KM + 10KM Pursuit
JPN,Individual
JPN,5000M Relay
JPN,5000M Relay
JPN,5000M Relay
JPN,5000M Relay
JPN,1000M
JPN,1500M
JPN,500M
JPN,500M
JPN,Team
JPN,Team
JPN,Team
KOR,1000M
KOR,1000M
KOR,5000M Relay
KOR,5000M Relay
KOR,5000M Relay
KOR,5000M Relay
KOR,1000M
LUX,Giant Slalom
LUX,Super-G
NED,10000M
NED,1500M
NED,5000M
NED,5000M
NOR,10000M
NOR,10000M
NOR,1500M
NOR,1500M
NOR,5000M
NOR,Giant Slalom
NOR,Slalom
NOR,Super-G
NOR,Super-G
NOR,10KM Pursuit
NOR,30KM Mass Start
NOR,30KM Mass Start
NOR,30KM Mass Start
NOR,4X10KM Relay
NOR,4X10KM Relay
NOR,4X10KM Relay
NOR,4X10KM Relay
NOR,4X5KM Relay
NOR,4X5KM Relay
NOR,4X5KM Relay
NOR,4X5KM Relay
NOR,50KM
NOR,Combined 10KM + 15KM Pursuit
NOR,Combined 10KM + 15KM Pursuit
NOR,Moguls
NOR,Team
NOR,Team
NOR,Team
NZL,Slalom
PRK,500M
SUI,Four-Man
SUI,Four-Man
SUI,Four-Man
SUI,Four-Man
SUI,Two-Man
SUI,Two-Man
SUI,Alpine Combined
SWE,20KM
SWE,4X7.5KM Relay
SWE,4X7.5KM Relay
SWE,4X7.5KM Relay
SWE,4X7.5KM Relay
SWE,Giant Slalom
SWE,10KM Pursuit
TCH,Ice Hockey
TCH,Ice Hockey
TCH,Ice Hockey
TCH,Ice Hockey
TCH,Ice Hockey
TCH,Ice Hockey
TCH,Ice Hockey
TCH,Ice Hockey
TCH,Ice Hockey
TCH,Ice Hockey
TCH,Ice Hockey
TCH,Ice Hockey
TCH,Ice Hockey
TCH,Ice Hockey
TCH,Ice Hockey
TCH,Ice Hockey
TCH,Ice Hockey
TCH,Ice Hockey
TCH,Ice Hockey
TCH,Ice Hockey
TCH,Ice Hockey
TCH,Ice Hockey
TCH,Ice Hockey
TCH,Individual
TCH,K120 Team (90M)
TCH,K120 Team (90M)
TCH,K120 Team (90M)
TCH,K120 Team (90M)
USA,Individual
USA,Individual
USA,Individual
USA,3000M Relay
USA,3000M Relay
USA,3000M Relay
USA,3000M Relay
USA,500M
USA,1000M
USA,500M
USA,Downhill
USA,Giant Slalom
USA,Moguls
USA,Moguls
AUS,5000M Relay
AUS,5000M Relay
AUS,5000M Relay
AUS,5000M Relay
AUT,Singles
AUT,Singles
AUT,1500M
AUT,3000M
AUT,Giant Slalom
AUT,Slalom
AUT,Slalom
AUT,K120 Individual (90M)
AUT,K120 Team (90M)
AUT,K120 Team (90M)
AUT,K120 Team (90M)
AUT,K120 Team (90M)
BLR,7.5KM
BLR,1000M
CAN,15KM
CAN,7.5KM
CAN,Ice Hockey
CAN,Ice Hockey
CAN,Ice Hockey
CAN,Ice Hockey
CAN,Ice Hockey
CAN,Ice Hockey
CAN,Ice Hockey
CAN,Ice Hockey
CAN,Ice Hockey
CAN,Ice Hockey
CAN,Ice Hockey
CAN,Ice Hockey
CAN,Ice Hockey
CAN,Ice Hockey
CAN,Ice Hockey
CAN,Ice Hockey
CAN,Ice Hockey
CAN,Ice Hockey
CAN,Ice Hockey
CAN,Ice Hockey
CAN,Ice Hockey
CAN,Ice Hockey
CAN,Ice Hockey
CAN,Individual
CAN,Pairs
CAN,Pairs
CAN,1000M
CAN,1000M
CAN,3000M Relay
CAN,3000M Relay
CAN,3000M Relay
CAN,3000M Relay
CAN,3000M Relay
CAN,500M
CAN,Downhill
CAN,Aerials
CAN,Aerials
CAN,Moguls
CHN,Individual
CHN,500M
CHN,1000M
FIN,Ice Hockey
FIN,Ice Hockey
FIN,Ice Hockey
FIN,Ice Hockey
FIN,Ice Hockey
FIN,Ice Hockey
FIN,Ice Hockey
FIN,Ice Hockey
FIN,Ice Hockey
FIN,Ice Hockey
FIN,Ice Hockey
FIN,Ice Hockey
FIN,Ice Hockey
FIN,Ice Hockey
FIN,Ice Hockey
FIN,Ice Hockey
FIN,Ice Hockey
FIN,Ice Hockey
FIN,Ice Hockey
FIN,Ice Hockey
FIN,Ice Hockey
FIN,Ice Hockey
FIN,Ice Hockey
FIN,30KM
FIN,30KM Mass Start
FIN,4X10KM Relay
FIN,4X10KM Relay
FIN,4X10KM Relay
FIN,4X10KM Relay
FIN,50KM
FIN,5KM
FRA,15KM
FRA,4X7.5KM Relay
FRA,4X7.5KM Relay
FRA,4X7.5KM Relay
FRA,4X7.5KM Relay
FRA,4X7.5KM Relay
FRA,4X7.5KM Relay
FRA,4X7.5KM Relay
FRA,4X7.5KM Relay
FRA,Individual
FRA,Moguls
GBR,Ice Dancing
GBR,Ice Dancing
GBR,500M
GER,10KM
GER,15KM
GER,20KM
GER,20KM
GER,4X7.5KM Relay
GER,4X7.5KM Relay
GER,4X7.5KM Relay
GER,4X7.5KM Relay
GER,4X7.5KM Relay
GER,4X7.5KM Relay
GER,4X7.5KM Relay
GER,4X7.5KM Relay
GER,Four-Man
GER,Four-Man
GER,Four-Man
GER,Four-Man
GER,Four-Man
GER,Four-Man
GER,Four-Man
GER,Four-Man
GER,Doubles
GER,Doubles
GER,Singles
GER,Singles
GER,1000M
GER,1500M
GER,3000M
GER,5000M
GER,5000M
GER,500M
GER,Downhill
GER,Giant Slalom
GER,Giant Slalom
GER,Super-G
GER,K120 Individual (90M)
GER,K120 Team (90M)
GER,K120 Team (90M)
GER,K120 Team (90M)
GER,K120 Team (90M)
GER,K90 Individual (70M)
ITA,Two-Man
ITA,Two-Man
ITA,Doubles
ITA,Doubles
ITA,Doubles
ITA,Doubles
ITA,Singles
ITA,Singles
ITA,5000M Relay
ITA,5000M Relay
ITA,5000M Relay
ITA,5000M Relay
ITA,5000M Relay
ITA,500M
ITA,Downhill
ITA,Giant Slalom
ITA,Slalom
ITA,Super-G
ITA,10KM Pursuit
ITA,15KM Mass Start
ITA,30KM
ITA,4X10KM Relay
ITA,4X10KM Relay
ITA,4X10KM Relay
ITA,4X10KM Relay
ITA,4X5KM Relay
ITA,4X5KM Relay
ITA,4X5KM Relay
ITA,4X5KM Relay
ITA,5KM
ITA,Combined 10KM + 15KM Pursuit
ITA,Combined 5KM + 10KM Pursuit
ITA,Combined 5KM + 10KM Pursuit
JPN,5000M
JPN,500M
JPN,Individual
JPN,Team
JPN,Team
JPN,Team
JPN,K120 Team (90M)
JPN,K120 Team (90M)
JPN,K120 Team (90M)
JPN,K120 Team (90M)
KAZ,10KM Pursuit
KAZ,50KM
KAZ,Combined 10KM + 15KM Pursuit
KOR,1000M
KOR,1000M
KOR,1000M
KOR,1000M
KOR,3000M Relay
KOR,3000M Relay
KOR,3000M Relay
KOR,3000M Relay
KOR,3000M Relay
KOR,500M
NED,10000M
NED,1500M
NED,1500M
NED,5000M
NOR,10000M
NOR,10000M
NOR,1500M
NOR,5000M
NOR,5000M
NOR,Alpine Combined
NOR,Alpine Combined
NOR,Alpine Combined
NOR,Downhill
NOR,Super-G
NOR,10KM Pursuit
NOR,30KM
NOR,30KM Mass Start
NOR,30KM Mass Start
NOR,4X10KM Relay
NOR,4X10KM Relay
NOR,4X10KM Relay
NOR,4X10KM Relay
NOR,4X5KM Relay
NOR,4X5KM Relay
NOR,4X5KM Relay
NOR,4X5KM Relay
NOR,50KM
NOR,Combined 10KM + 15KM Pursuit
NOR,Aerials
NOR,Moguls
NOR,Individual
NOR,Individual
NOR,Team
NOR,Team
NOR,Team
NOR,K120 Individual (90M)
NOR,K90 Individual (70M)
NOR,K90 Individual (70M)
RUS,10KM
RUS,10KM
RUS,20KM
RUS,4X7.5KM Relay
RUS,4X7.5KM Relay
RUS,4X7.5KM Relay
RUS,4X7.5KM Relay
RUS,4X7.5KM Relay
RUS,4X7.5KM Relay
RUS,4X7.5KM Relay
RUS,4X7.5KM Relay
RUS,Ice Dancing
RUS,Ice Dancing
RUS,Ice Dancing
RUS,Ice Dancing
RUS,Individual
RUS,Pairs
RUS,Pairs
RUS,Pairs
RUS,Pairs
RUS,1000M
RUS,1500M
RUS,3000M
RUS,500M
RUS,500M
RUS,Super-G
RUS,15KM Mass Start
RUS,15KM Mass Start
RUS,4X5KM Relay
RUS,4X5KM Relay
RUS,4X5KM Relay
RUS,4X5KM Relay
RUS,5KM
RUS,Combined 5KM + 10KM Pursuit
RUS,Moguls
RUS,Moguls
SLO,Alpine Combined
SLO,Slalom
SLO,Slalom
SUI,Four-Man
SUI,Four-Man
SUI,Four-Man
SUI,Four-Man
SUI,Two-Man
SUI,Two-Man
SUI,Two-Man
SUI,Two-Man
SUI,Alpine Combined
SUI,Giant Slalom
SUI,Giant Slalom
SUI,Slalom
SUI,Aerials
SUI,Team
SUI,Team
SUI,Team
SWE,Ice Hockey
SWE,Ice Hockey
SWE,Ice Hockey
SWE,Ice Hockey
SWE,Ice Hockey
SWE,Ice Hockey
SWE,Ice Hockey
SWE,Ice Hockey
SWE,Ice Hockey
SWE,Ice Hockey
SWE,Ice Hockey
SWE,Ice Hockey
SWE,Ice Hockey
SWE,Ice Hockey
SWE,Ice Hockey
SWE,Ice Hockey
SWE,Ice Hockey
SWE,Ice Hockey
SWE,Ice Hockey
SWE,Ice Hockey
SWE,Ice Hockey
SWE,Ice Hockey
SWE,Alpine Combined
SWE,Aerials
UKR,7.5KM
UKR,Individual
USA,Individual
USA,3000M Relay
USA,3000M Relay
USA,3000M Relay
USA,3000M Relay
USA,3000M Relay
USA,5000M Relay
USA,5000M Relay
USA,5000M Relay
USA,5000M Relay
USA,5000M Relay
USA,500M
USA,500M
USA,1000M
USA,1000M
USA,500M
USA,Downhill
USA,Downhill
USA,Super-G
USA,Super-G
USA,Moguls
UZB,Aerials
AUS,Slalom
AUT,Singles
AUT,Alpine Combined
AUT,Alpine Combined
AUT,Downhill
AUT,Giant Slalom
AUT,Giant Slalom
AUT,Giant Slalom
AUT,Slalom
AUT,Super-G
AUT,Super-G
AUT,Super-G
AUT,Super-G
AUT,10KM Pursuit
AUT,50KM
AUT,K120 Team (90M)
AUT,K120 Team (90M)
AUT,K120 Team (90M)
AUT,K120 Team (90M)
AUT,K90 Individual (70M)
AUT,Giant-Slalom
BEL,5000M
BLR,20KM
BLR,Aerials
BUL,15KM
CAN,Two-Man
CAN,Two-Man
CAN,Curling
CAN,Curling
CAN,Curling
CAN,Curling
CAN,Curling
CAN,Curling
CAN,Curling
CAN,Curling
CAN,Curling
CAN,Curling
CAN,Ice Hockey
CAN,Ice Hockey
CAN,Ice Hockey
CAN,Ice Hockey
CAN,Ice Hockey
CAN,Ice Hockey
CAN,Ice Hockey
CAN,Ice Hockey
CAN,Ice Hockey
CAN,Ice Hockey
CAN,Ice Hockey
CAN,Ice Hockey
CAN,Ice Hockey
CAN,Ice Hockey
CAN,Ice Hockey
CAN,Ice Hockey
CAN,Ice Hockey
CAN,Ice Hockey
CAN,Ice Hockey
CAN,Ice Hockey
CAN,Individual
CAN,1000M
CAN,3000M Relay
CAN,3000M Relay
CAN,3000M Relay
CAN,3000M Relay
CAN,5000M Relay
CAN,5000M Relay
CAN,5000M Relay
CAN,5000M Relay
CAN,500M
CAN,1000M
CAN,500M
CAN,500M
CAN,500M
CAN,500M
CAN,Giant-Slalom
CHN,Individual
CHN,1000M
CHN,1000M
CHN,3000M Relay
CHN,3000M Relay
CHN,3000M Relay
CHN,3000M Relay
CHN,5000M Relay
CHN,5000M Relay
CHN,5000M Relay
CHN,5000M Relay
CHN,500M
CHN,500M
CHN,Aerials
CZE,Ice Hockey
CZE,Ice Hockey
CZE,Ice Hockey
CZE,Ice Hockey
CZE,Ice Hockey
CZE,Ice Hockey
CZE,Ice Hockey
CZE,Ice Hockey
CZE,Ice Hockey
CZE,Ice Hockey
CZE,Ice Hockey
CZE,Ice Hockey
CZE,Ice Hockey
CZE,Ice Hockey
CZE,Ice Hockey
CZE,Ice Hockey
CZE,Ice Hockey
CZE,Ice Hockey
CZE,Ice Hockey
CZE,Ice Hockey
CZE,Ice Hockey
CZE,Ice Hockey
CZE,5KM
CZE,Combined 5KM + 10KM Pursuit
DEN,Curling
DEN,Curling
DEN,Curling
DEN,Curling
DEN,Curling
FIN,10KM
FIN,Ice Hockey
FIN,Ice Hockey
FIN,Ice Hockey
FIN,Ice Hockey
FIN,Ice Hockey
FIN,Ice Hockey
FIN,Ice Hockey
FIN,Ice Hockey
FIN,Ice Hockey
FIN,Ice Hockey
FIN,Ice Hockey
FIN,Ice Hockey
FIN,Ice Hockey
FIN,Ice Hockey
FIN,Ice Hockey
FIN,Ice Hockey
FIN,Ice Hockey
FIN,Ice Hockey
FIN,Ice Hockey
FIN,Ice Hockey
FIN,Ice Hockey
FIN,Ice Hockey
FIN,Ice Hockey
FIN,Ice Hockey
FIN,Ice Hockey
FIN,Ice Hockey
FIN,Ice Hockey
FIN,Ice Hockey
FIN,Ice Hockey
FIN,Ice Hockey
FIN,Ice Hockey
FIN,Ice Hockey
FIN,Ice Hockey
FIN,Ice Hockey
FIN,Ice Hockey
FIN,Ice Hockey
FIN,Ice Hockey
FIN,Ice Hockey
FIN,Ice Hockey
FIN,Ice Hockey
FIN,Ice Hockey
FIN,Ice Hockey
FIN,Ice Hockey
FIN,10KM Pursuit
FIN,30KM Mass Start
FIN,4X10KM Relay
FIN,4X10KM Relay
FIN,4X10KM Relay
FIN,4X10KM Relay
FIN,Moguls
FIN,Moguls
FIN,Individual
FIN,Team
FIN,Team
FIN,Team
FIN,Team
FIN,K120 Individual (90M)
FIN,K90 Individual (70M)
FRA,Four-Man
FRA,Four-Man
FRA,Four-Man
FRA,Four-Man
FRA,Ice Dancing
FRA,Ice Dancing
FRA,Individual
FRA,Downhill
FRA,Downhill
FRA,Aerials
FRA,Team
FRA,Team
FRA,Team
FRA,Team
FRA,Giant-Slalom
GBR,Four-Man
GBR,Four-Man
GBR,Four-Man
GBR,Four-Man
GER,15KM
GER,4X7.5KM Relay
GER,4X7.5KM Relay
GER,4X7.5KM Relay
GER,4X7.5KM Relay
GER,4X7.5KM Relay
GER,4X7.5KM Relay
GER,4X7.5KM Relay
GER,4X7.5KM Relay
GER,7.5KM
GER,7.5KM
GER,Four-Man
GER,Four-Man
GER,Four-Man
GER,Four-Man
GER,Two-Man
GER,Two-Man
GER,Doubles
GER,Doubles
GER,Singles
GER,Singles
GER,Singles
GER,Singles
GER,Pairs
GER,Pairs
GER,1500M
GER,3000M
GER,3000M
GER,3000M
GER,5000M
GER,5000M
GER,Alpine Combined
GER,Alpine Combined
GER,Alpine Combined
GER,Downhill
GER,Giant Slalom
GER,Slalom
GER,Moguls
GER,K120 Team (90M)
GER,K120 Team (90M)
GER,K120 Team (90M)
GER,K120 Team (90M)
GER,Giant-Slalom
GER,Half-Pipe
ITA,20KM
ITA,Two-Man
ITA,Two-Man
ITA,Singles
ITA,Giant Slalom
ITA,Slalom
ITA,30KM
ITA,30KM Mass Start
ITA,4X10KM Relay
ITA,4X10KM Relay
ITA,4X10KM Relay
ITA,4X10KM Relay
ITA,4X5KM Relay
ITA,4X5KM Relay
ITA,4X5KM Relay
ITA,4X5KM Relay
ITA,Giant-Slalom
JPN,500M
JPN,500M
JPN,1000M
JPN,500M
JPN,500M
JPN,Moguls
JPN,K120 Individual (90M)
JPN,K120 Individual (90M)
JPN,K120 Team (90M)
JPN,K120 Team (90M)
JPN,K120 Team (90M)
JPN,K120 Team (90M)
JPN,K90 Individual (70M)
KAZ,5000M
KAZ,Combined 10KM + 15KM Pursuit
KOR,1000M
KOR,1000M
KOR,1000M
KOR,3000M Relay
KOR,3000M Relay
KOR,3000M Relay
KOR,3000M Relay
KOR,5000M Relay
KOR,5000M Relay
KOR,5000M Relay
KOR,5000M Relay
KOR,500M
NED,10000M
NED,10000M
NED,10000M
NED,1000M
NED,1000M
NED,1000M
NED,1500M
NED,1500M
NED,1500M
NED,5000M
NED,5000M
NOR,10KM
NOR,10KM
NOR,20KM
NOR,4X7.5KM Relay
NOR,4X7.5KM Relay
NOR,4X7.5KM Relay
NOR,4X7.5KM Relay
NOR,4X7.5KM Relay
NOR,4X7.5KM Relay
NOR,4X7.5KM Relay
NOR,4X7.5KM Relay
NOR,Curling
NOR,Curling
NOR,Curling
NOR,Curling
NOR,Curling
NOR,1500M
NOR,Alpine Combined
NOR,Downhill
NOR,Slalom
NOR,Slalom
NOR,10KM Pursuit
NOR,15KM Mass Start
NOR,30KM Mass Start
NOR,4X10KM Relay
NOR,4X10KM Relay
NOR,4X10KM Relay
NOR,4X10KM Relay
NOR,4X5KM Relay
NOR,4X5KM Relay
NOR,4X5KM Relay
NOR,4X5KM Relay
NOR,50KM
NOR,5KM
NOR,Combined 10KM + 15KM Pursuit
NOR,Combined 10KM + 15KM Pursuit
NOR,Moguls
NOR,Individual
NOR,Team
NOR,Team
NOR,Team
NOR,Team
NOR,Half-Pipe
NOR,Half-Pipe
RUS,4X7.5KM Relay
RUS,4X7.5KM Relay
RUS,4X7.5KM Relay
RUS,4X7.5KM Relay
RUS,4X7.5KM Relay
RUS,4X7.5KM Relay
RUS,4X7.5KM Relay
RUS,4X7.5KM Relay
RUS,7.5KM
RUS,Ice Hockey
RUS,Ice Hockey
RUS,Ice Hockey
RUS,Ice Hockey
RUS,Ice Hockey
RUS,Ice Hockey
RUS,Ice Hockey
RUS,Ice Hockey
RUS,Ice Hockey
RUS,Ice Hockey
RUS,Ice Hockey
RUS,Ice Hockey
RUS,Ice Hockey
RUS,Ice Hockey
RUS,Ice Hockey
RUS,Ice Hockey
RUS,Ice Hockey
RUS,Ice Hockey
RUS,Ice Hockey
RUS,Ice Hockey
RUS,Ice Hockey
RUS,Ice Hockey
RUS,Ice Hockey
RUS,Ice Dancing
RUS,Ice Dancing
RUS,Ice Dancing
RUS,Ice Dancing
RUS,Individual
RUS,Pairs
RUS,Pairs
RUS,Pairs
RUS,Pairs
RUS,15KM Mass Start
RUS,15KM Mass Start
RUS,30KM
RUS,30KM
RUS,4X5KM Relay
RUS,4X5KM Relay
RUS,4X5KM Relay
RUS,4X5KM Relay
RUS,5KM
RUS,Combined 5KM + 10KM Pursuit
RUS,Combined 5KM + 10KM Pursuit
RUS,Individual
SUI,Four-Man
SUI,Four-Man
SUI,Four-Man
SUI,Four-Man
SUI,Curling
SUI,Curling
SUI,Curling
SUI,Curling
SUI,Curling
SUI,Giant Slalom
SUI,Super-G
SUI,Aerials
SUI,Giant-Slalom
SUI,Half-Pipe
SWE,Curling
SWE,Curling
SWE,Curling
SWE,Curling
SWE,Curling
SWE,Downhill
SWE,50KM
UKR,15KM
USA,Ice Hockey
USA,Ice Hockey
USA,Ice Hockey
USA,Ice Hockey
USA,Ice Hockey
USA,Ice Hockey
USA,Ice Hockey
USA,Ice Hockey
USA,Ice Hockey
USA,Ice Hockey
USA,Ice Hockey
USA,Ice Hockey
USA,Ice Hockey
USA,Ice Hockey
USA,Ice Hockey
USA,Ice Hockey
USA,Ice Hockey
USA,Ice Hockey
USA,Ice Hockey
USA,Ice Hockey
USA,Doubles
USA,Doubles
USA,Doubles
USA,Doubles
USA,Individual
USA,Individual
USA,1000M
USA,1500M
USA,Super-G
USA,Aerials
USA,Aerials
USA,Moguls
USA,Half-Pipe
USA,Half-Pipe
AUS,1000M
AUS,Aerials
AUT,10KM
AUT,Individual
AUT,Singles
AUT,Alpine Combined
AUT,Alpine Combined
AUT,Downhill
AUT,Downhill
AUT,Downhill
AUT,Giant Slalom
AUT,Slalom
AUT,Super-G
AUT,Super-G
AUT,30KM Mass Start
AUT,30KM Mass Start
AUT,Individual
AUT,Sprint
AUT,Team
AUT,Team
AUT,Team
AUT,Team
BLR,Aerials
BUL,10KM Pursuit
BUL,1500M
BUL,500M
CAN,Curling
CAN,Curling
CAN,Curling
CAN,Curling
CAN,Curling
CAN,Curling
CAN,Curling
CAN,Curling
CAN,Curling
CAN,Curling
CAN,Ice Hockey
CAN,Ice Hockey
CAN,Ice Hockey
CAN,Ice Hockey
CAN,Ice Hockey
CAN,Ice Hockey
CAN,Ice Hockey
CAN,Ice Hockey
CAN,Ice Hockey
CAN,Ice Hockey
CAN,Ice Hockey
CAN,Ice Hockey
CAN,Ice Hockey
CAN,Ice Hockey
CAN,Ice Hockey
CAN,Ice Hockey
CAN,Ice Hockey
CAN,Ice Hockey
CAN,Ice Hockey
CAN,Ice Hockey
CAN,Ice Hockey
CAN,Ice Hockey
CAN,Ice Hockey
CAN,Ice Hockey
CAN,Ice Hockey
CAN,Ice Hockey
CAN,Ice Hockey
CAN,Ice Hockey
CAN,Ice Hockey
CAN,Ice Hockey
CAN,Ice Hockey
CAN,Ice Hockey
CAN,Ice Hockey
CAN,Ice Hockey
CAN,Ice Hockey
CAN,Ice Hockey
CAN,Ice Hockey
CAN,Ice Hockey
CAN,Ice Hockey
CAN,Ice Hockey
CAN,Ice Hockey
CAN,Ice Hockey
CAN,Ice Hockey
CAN,Pairs
CAN,Pairs
CAN,1000M
CAN,1500M
CAN,3000M Relay
CAN,3000M Relay
CAN,3000M Relay
CAN,3000M Relay
CAN,3000M Relay
CAN,5000M Relay
CAN,5000M Relay
CAN,5000M Relay
CAN,5000M Relay
CAN,5000M Relay
CAN,500M
CAN,500M
CAN,3000M
CAN,5000M
CAN,500M
CAN,5Km Pursuit
CAN,Aerials
CAN,Aerials
CHN,Pairs
CHN,Pairs
CHN,1000M
CHN,1000M
CHN,1500M
CHN,3000M Relay
CHN,3000M Relay
CHN,3000M Relay
CHN,3000M Relay
CHN,5000M Relay
CHN,5000M Relay
CHN,5000M Relay
CHN,5000M Relay
CHN,5000M Relay
CHN,500M
CHN,500M
CRO,Alpine Combined
CRO,Giant Slalom
CRO,Slalom
CRO,Super-G
CZE,15KM Mass Start
CZE,5Km Pursuit
CZE,Aerials
EST,15KM
EST,15KM
EST,50KM
FIN,Moguls
FIN,Individual
FIN,Individual
FIN,Sprint
FIN,Team
FIN,Team
FIN,Team
FIN,Team
FIN,K120 Individual (90M)
FIN,K120 Team (90M)
FIN,K120 Team (90M)
FIN,K120 Team (90M)
FIN,K120 Team (90M)
FRA,12.5Km Pursuit
FRA,4X7.5KM Relay
FRA,4X7.5KM Relay
FRA,4X7.5KM Relay
FRA,4X7.5KM Relay
FRA,Ice Dancing
FRA,Ice Dancing
FRA,Downhill
FRA,Slalom
FRA,Slalom
FRA,Slalom
FRA,Moguls
FRA,Giant Parallel Slalom
FRA,Giant Parallel Slalom
FRA,Half-Pipe
GBR,Individual
GBR,Curling
GBR,Curling
GBR,Curling
GBR,Curling
GBR,Curling
GER,10KM
GER,10KM Pursuit
GER,12.5Km Pursuit
GER,15KM
GER,20KM
GER,4X7.5KM Relay
GER,4X7.5KM Relay
GER,4X7.5KM Relay
GER,4X7.5KM Relay
GER,4X7.5KM Relay
GER,4X7.5KM Relay
GER,4X7.5KM Relay
GER,4X7.5KM Relay
GER,7.5KM
GER,7.5KM
GER,Four-Man
GER,Four-Man
GER,Four-Man
GER,Four-Man
GER,Two-Man
GER,Two-Man
GER,Two-Man
GER,Two-Man
GER,Two-Man
GER,Two-Man
GER,Doubles
GER,Doubles
GER,Singles
GER,Singles
GER,Singles
GER,Singles
GER,1000M
GER,1500M
GER,1500M
GER,3000M
GER,5000M
GER,5000M
GER,500M
GER,500M
GER,Alpine Combined
GER,4X10KM Relay
GER,4X10KM Relay
GER,4X10KM Relay
GER,4X10KM Relay
GER,4X5KM Relay
GER,4X5KM Relay
GER,4X5KM Relay
GER,4X5KM Relay
GER,5Km Pursuit
GER,Sprint 1.5KM
GER,Sprint 1.5KM
GER,Sprint
GER,Team
GER,Team
GER,Team
GER,Team
GER,K120 Team (90M)
GER,K120 Team (90M)
GER,K120 Team (90M)
GER,K120 Team (90M)
GER,K90 Individual (70M)
ITA,Singles
ITA,Ice Dancing
ITA,Ice Dancing
ITA,5000M Relay
ITA,5000M Relay
ITA,5000M Relay
ITA,5000M Relay
ITA,5000M Relay
ITA,Downhill
ITA,Super-G
ITA,Super-G
ITA,10KM
ITA,15KM Mass Start
ITA,30KM
ITA,30KM
ITA,4X10KM Relay
ITA,4X10KM Relay
ITA,4X10KM Relay
ITA,4X10KM Relay
ITA,Sprint 1.5KM
ITA,Giant Parallel Slalom
JPN,500M
JPN,Moguls
KOR,1000M
KOR,1500M
KOR,1500M
KOR,3000M Relay
KOR,3000M Relay
KOR,3000M Relay
KOR,3000M Relay
NED,10000M
NED,10000M
NED,1000M
NED,1000M
NED,1500M
NED,3000M
NED,5000M
NED,5000M
NOR,10KM
NOR,12.5Km Pursuit
NOR,15KM
NOR,20KM
NOR,4X7.5KM Relay
NOR,4X7.5KM Relay
NOR,4X7.5KM Relay
NOR,4X7.5KM Relay
NOR,4X7.5KM Relay
NOR,4X7.5KM Relay
NOR,4X7.5KM Relay
NOR,4X7.5KM Relay
NOR,Curling
NOR,Curling
NOR,Curling
NOR,Curling
NOR,Curling
NOR,10000M
NOR,1500M
NOR,Alpine Combined
NOR,Downhill
NOR,Giant Slalom
NOR,Super-G
NOR,10KM
NOR,10KM Pursuit
NOR,10KM Pursuit
NOR,15KM
NOR,30KM
NOR,30KM Mass Start
NOR,4X10KM Relay
NOR,4X10KM Relay
NOR,4X10KM Relay
NOR,4X10KM Relay
NOR,4X5KM Relay
NOR,4X5KM Relay
NOR,4X5KM Relay
NOR,4X5KM Relay
NOR,50KM
NOR,Sprint 1.5KM
NOR,Sprint 1.5KM
NOR,Moguls
POL,K120 Individual (90M)
POL,K90 Individual (70M)
RUS,10KM Pursuit
RUS,20KM
RUS,4X7.5KM Relay
RUS,4X7.5KM Relay
RUS,4X7.5KM Relay
RUS,4X7.5KM Relay
RUS,Ice Hockey
RUS,Ice Hockey
RUS,Ice Hockey
RUS,Ice Hockey
RUS,Ice Hockey
RUS,Ice Hockey
RUS,Ice Hockey
RUS,Ice Hockey
RUS,Ice Hockey
RUS,Ice Hockey
RUS,Ice Hockey
RUS,Ice Hockey
RUS,Ice Hockey
RUS,Ice Hockey
RUS,Ice Hockey
RUS,Ice Hockey
RUS,Ice Hockey
RUS,Ice Hockey
RUS,Ice Hockey
RUS,Ice Hockey
RUS,Ice Hockey
RUS,Ice Hockey
RUS,Ice Hockey
RUS,Ice Dancing
RUS,Ice Dancing
RUS,Individual
RUS,Individual
RUS,Individual
RUS,Pairs
RUS,Pairs
RUS,10KM
RUS,15KM Mass Start
RUS,50KM
RUS,Sprint 1.5KM
SLO,K120 Team (90M)
SLO,K120 Team (90M)
SLO,K120 Team (90M)
SLO,K120 Team (90M)
SUI,Two-Man
SUI,Two-Man
SUI,Two-Man
SUI,Two-Man
SUI,Individual
SUI,Curling
SUI,Curling
SUI,Curling
SUI,Curling
SUI,Curling
SUI,Curling
SUI,Curling
SUI,Curling
SUI,Curling
SUI,Curling
SUI,Giant Slalom
SUI,4X5KM Relay
SUI,4X5KM Relay
SUI,4X5KM Relay
SUI,4X5KM Relay
SUI,K120 Individual (90M)
SUI,K90 Individual (70M)
SUI,Giant Parallel Slalom
SUI,Half-Pipe
SWE,15KM
SWE,7.5KM
SWE,Ice Hockey
SWE,Ice Hockey
SWE,Ice Hockey
SWE,Ice Hockey
SWE,Ice Hockey
SWE,Ice Hockey
SWE,Ice Hockey
SWE,Ice Hockey
SWE,Ice Hockey
SWE,Ice Hockey
SWE,Ice Hockey
SWE,Ice Hockey
SWE,Ice Hockey
SWE,Ice Hockey
SWE,Ice Hockey
SWE,Ice Hockey
SWE,Ice Hockey
SWE,Ice Hockey
SWE,Ice Hockey
SWE,Ice Hockey
SWE,Giant Slalom
SWE,Slalom
SWE,10KM Pursuit
SWE,Giant Parallel Slalom
USA,Four-Man
USA,Four-Man
USA,Four-Man
USA,Four-Man
USA,Four-Man
USA,Four-Man
USA,Four-Man
USA,Four-Man
USA,Two-Man
USA,Two-Man
USA,Individual
USA,Individual
USA,Individual
USA,Ice Hockey
USA,Ice Hockey
USA,Ice Hockey
USA,Ice Hockey
USA,Ice Hockey
USA,Ice Hockey
USA,Ice Hockey
USA,Ice Hockey
USA,Ice Hockey
USA,Ice Hockey
USA,Ice Hockey
USA,Ice Hockey
USA,Ice Hockey
USA,Ice Hockey
USA,Ice Hockey
USA,Ice Hockey
USA,Ice Hockey
USA,Ice Hockey
USA,Ice Hockey
USA,Ice Hockey
USA,Ice Hockey
USA,Ice Hockey
USA,Ice Hockey
USA,Ice Hockey
USA,Ice Hockey
USA,Ice Hockey
USA,Ice Hockey
USA,Ice Hockey
USA,Ice Hockey
USA,Ice Hockey
USA,Ice Hockey
USA,Ice Hockey
USA,Ice Hockey
USA,Ice Hockey
USA,Ice Hockey
USA,Ice Hockey
USA,Ice Hockey
USA,Ice Hockey
USA,Ice Hockey
USA,Ice Hockey
USA,Ice Hockey
USA,Ice Hockey
USA,Ice Hockey
USA,Doubles
USA,Doubles
USA,Doubles
USA,Doubles
USA,Individual
USA,Individual
USA,Individual
USA,1000M
USA,1500M
USA,500M
USA,1000M
USA,1000M
USA,1000M
USA,1500M
USA,1500M
USA,5000M
USA,500M
USA,500M
USA,Alpine Combined
USA,Giant Slalom
USA,Aerials
USA,Moguls
USA,Moguls
USA,Giant Parallel Slalom
USA,Half-Pipe
USA,Half-Pipe
USA,Half-Pipe
USA,Half-Pipe
AUS,Aerials
AUS,Moguls
AUT,Doubles
AUT,Doubles
AUT,Alpine Combined
AUT,Alpine Combined
AUT,Downhill
AUT,Downhill
AUT,Giant Slalom
AUT,Giant Slalom
AUT,Slalom
AUT,Slalom
AUT,Slalom
AUT,Slalom
AUT,Slalom
AUT,Super-G
AUT,Super-G
AUT,Super-G
AUT,50KM
AUT,Individual
AUT,Individual Sprint
AUT,Team
AUT,Team
AUT,Team
AUT,Team
AUT,K120 Individual (90M)
AUT,K120 Individual (90M)
AUT,K120 Team (90M)
AUT,K120 Team (90M)
AUT,K120 Team (90M)
AUT,K120 Team (90M)
AUT,Giant Parallel Slalom
BLR,Aerials
BUL,500M
CAN,Two-Man
CAN,Two-Man
CAN,Individual
CAN,Individual
CAN,Individual
CAN,Curling
CAN,Curling
CAN,Curling
CAN,Curling
CAN,Curling
CAN,Curling
CAN,Curling
CAN,Curling
CAN,Curling
CAN,Curling
CAN,Ice Hockey
CAN,Ice Hockey
CAN,Ice Hockey
CAN,Ice Hockey
CAN,Ice Hockey
CAN,Ice Hockey
CAN,Ice Hockey
CAN,Ice Hockey
CAN,Ice Hockey
CAN,Ice Hockey
CAN,Ice Hockey
CAN,Ice Hockey
CAN,Ice Hockey
CAN,Ice Hockey
CAN,Ice Hockey
CAN,Ice Hockey
CAN,Ice Hockey
CAN,Ice Hockey
CAN,Ice Hockey
CAN,Individual
CAN,3000M Relay
CAN,3000M Relay
CAN,3000M Relay
CAN,3000M Relay
CAN,3000M Relay
CAN,5000M Relay
CAN,5000M Relay
CAN,5000M Relay
CAN,5000M Relay
CAN,5000M Relay
CAN,500M
CAN,500M
CAN,1000M
CAN,1500M
CAN,1500M
CAN,3000M
CAN,5000M
CAN,5000M
CAN,Team Pursuit
CAN,Team Pursuit
CAN,Team Pursuit
CAN,Team Pursuit
CAN,Team Pursuit
CAN,Team Pursuit
CAN,Team Pursuit
CAN,Team Pursuit
CAN,Team Pursuit
CAN,Team Pursuit
CAN,Sprint 1.5KM
CAN,Team Sprint
CAN,Team Sprint
CAN,Moguls
CAN,Snowboard Cross
CHN,Pairs
CHN,Pairs
CHN,Pairs
CHN,Pairs
CHN,1000M
CHN,1000M
CHN,1500M
CHN,1500M
CHN,500M
CHN,500M
CHN,500M
CHN,Aerials
CHN,Aerials
CRO,Alpine Combined
CRO,Alpine Combined
CRO,Super-G
CZE,Ice Hockey
CZE,Ice Hockey
CZE,Ice Hockey
CZE,Ice Hockey
CZE,Ice Hockey
CZE,Ice Hockey
CZE,Ice Hockey
CZE,Ice Hockey
CZE,Ice Hockey
CZE,Ice Hockey
CZE,Ice Hockey
CZE,Ice Hockey
CZE,Ice Hockey
CZE,Ice Hockey
CZE,Ice Hockey
CZE,Ice Hockey
CZE,Ice Hockey
CZE,Ice Hockey
CZE,Ice Hockey
CZE,Ice Hockey
CZE,Ice Hockey
CZE,Ice Hockey
CZE,Ice Hockey
CZE,Ice Hockey
CZE,Ice Hockey
CZE,15KM
CZE,30KM
CZE,Combined 7.5 + 7.5Km Mass Start
EST,10KM
EST,15KM
EST,Combined 7.5 + 7.5Km Mass Start
FIN,Curling
FIN,Curling
FIN,Curling
FIN,Curling
FIN,Curling
FIN,Ice Hockey
FIN,Ice Hockey
FIN,Ice Hockey
FIN,Ice Hockey
FIN,Ice Hockey
FIN,Ice Hockey
FIN,Ice Hockey
FIN,Ice Hockey
FIN,Ice Hockey
FIN,Ice Hockey
FIN,Ice Hockey
FIN,Ice Hockey
FIN,Ice Hockey
FIN,Ice Hockey
FIN,Ice Hockey
FIN,Ice Hockey
FIN,Ice Hockey
FIN,Ice Hockey
FIN,Ice Hockey
FIN,Ice Hockey
FIN,Ice Hockey
FIN,Ice Hockey
FIN,Ice Hockey
FIN,Ice Hockey
FIN,Giant Slalom
FIN,Team Sprint
FIN,Team Sprint
FIN,Moguls
FIN,Team
FIN,Team
FIN,Team
FIN,Team
FIN,K120 Team (90M)
FIN,K120 Team (90M)
FIN,K120 Team (90M)
FIN,K120 Team (90M)
FIN,K90 Individual (70M)
FIN,Half-Pipe
FRA,12.5Km Pursuit
FRA,4X6KM Relay
FRA,4X6KM Relay
FRA,4X6KM Relay
FRA,4X6KM Relay
FRA,4X7.5KM Relay
FRA,4X7.5KM Relay
FRA,4X7.5KM Relay
FRA,4X7.5KM Relay
FRA,7.5KM
FRA,Downhill
FRA,Giant Slalom
FRA,Sprint 1.5KM
FRA,Moguls
FRA,Snowboard Cross
GBR,Individual
GER,10KM
GER,10KM Pursuit
GER,10KM Pursuit
GER,12.5KM Mass Start
GER,12.5KM Mass Start
GER,12.5Km Pursuit
GER,15KM
GER,15KM Mass Start
GER,20KM
GER,4X6KM Relay
GER,4X6KM Relay
GER,4X6KM Relay
GER,4X6KM Relay
GER,4X7.5KM Relay
GER,4X7.5KM Relay
GER,4X7.5KM Relay
GER,4X7.5KM Relay
GER,Four-Man
GER,Four-Man
GER,Four-Man
GER,Four-Man
GER,Two-Man
GER,Two-Man
GER,Two-Man
GER,Two-Man
GER,Doubles
GER,Doubles
GER,Singles
GER,Singles
GER,Singles
GER,1000M
GER,5000M
GER,Team Pursuit
GER,Team Pursuit
GER,Team Pursuit
GER,Team Pursuit
GER,Team Pursuit
GER,15KM
GER,4X10KM Relay
GER,4X10KM Relay
GER,4X10KM Relay
GER,4X10KM Relay
GER,4X5KM Relay
GER,4X5KM Relay
GER,4X5KM Relay
GER,4X5KM Relay
GER,Sprint 1.5KM
GER,Individual
GER,Individual Sprint
GER,Team
GER,Team
GER,Team
GER,Team
GER,Giant Parallel Slalom
ITA,Two-Man
ITA,Two-Man
ITA,Doubles
ITA,Doubles
ITA,Singles
ITA,3000M Relay
ITA,3000M Relay
ITA,3000M Relay
ITA,3000M Relay
ITA,1500M
ITA,5000M
ITA,Team Pursuit
ITA,Team Pursuit
ITA,Team Pursuit
ITA,Team Pursuit
ITA,4X10KM Relay
ITA,4X10KM Relay
ITA,4X10KM Relay
ITA,4X10KM Relay
ITA,4X5KM Relay
ITA,4X5KM Relay
ITA,4X5KM Relay
ITA,4X5KM Relay
ITA,50KM
ITA,Combined 15 + 15KM Mass Start
JPN,Individual
KOR,1000M
KOR,1000M
KOR,1000M
KOR,1500M
KOR,1500M
KOR,1500M
KOR,1500M
KOR,3000M Relay
KOR,3000M Relay
KOR,3000M Relay
KOR,3000M Relay
KOR,3000M Relay
KOR,5000M Relay
KOR,5000M Relay
KOR,5000M Relay
KOR,5000M Relay
KOR,5000M Relay
KOR,500M
KOR,500M
LAT,Singles
NED,10000M
NED,10000M
NED,1000M
NED,1000M
NED,1500M
NED,3000M
NED,3000M
NED,5000M
NED,Team Pursuit
NED,Team Pursuit
NED,Team Pursuit
NED,Team Pursuit
NED,Team Pursuit
NOR,10KM
NOR,10KM
NOR,12.5Km Pursuit
NOR,15KM Mass Start
NOR,20KM
NOR,20KM
NOR,Super-G
NOR,10KM
NOR,10KM
NOR,Combined 15 + 15KM Mass Start
NOR,Team Sprint
NOR,Team Sprint
NOR,Moguls
NOR,Individual
NOR,Individual Sprint
NOR,K120 Individual (90M)
NOR,K120 Team (90M)
NOR,K120 Team (90M)
NOR,K120 Team (90M)
NOR,K120 Team (90M)
NOR,K90 Individual (70M)
NOR,K90 Individual (70M)
NOR,Half-Pipe
POL,15KM Mass Start
POL,30KM
RUS,10KM Pursuit
RUS,15KM
RUS,15KM
RUS,4X6KM Relay
RUS,4X6KM Relay
RUS,4X6KM Relay
RUS,4X6KM Relay
RUS,4X7.5KM Relay
RUS,4X7.5KM Relay
RUS,4X7.5KM Relay
RUS,4X7.5KM Relay
RUS,Four-Man
RUS,Four-Man
RUS,Four-Man
RUS,Four-Man
RUS,Singles
RUS,Ice Dancing
RUS,Ice Dancing
RUS,Individual
RUS,Individual
RUS,Pairs
RUS,Pairs
RUS,500M
RUS,500M
RUS,Team Pursuit
RUS,Team Pursuit
RUS,Team Pursuit
RUS,Team Pursuit
RUS,Team Pursuit
RUS,30KM
RUS,4X5KM Relay
RUS,4X5KM Relay
RUS,4X5KM Relay
RUS,4X5KM Relay
RUS,50KM
RUS,Combined 15 + 15KM Mass Start
RUS,Combined 7.5 + 7.5Km Mass Start
RUS,Sprint 1.5KM
RUS,Team Sprint
RUS,Team Sprint
RUS,Aerials
SUI,Four-Man
SUI,Four-Man
SUI,Four-Man
SUI,Four-Man
SUI,Two-Man
SUI,Two-Man
SUI,Individual
SUI,Individual
SUI,Curling
SUI,Curling
SUI,Curling
SUI,Curling
SUI,Curling
SUI,Individual
SUI,Downhill
SUI,Downhill
SUI,Super-G
SUI,Aerials
SUI,Giant Parallel Slalom
SUI,Giant Parallel Slalom
SUI,Giant Parallel Slalom
SUI,Snowboard Cross
SVK,Snowboard Cross
SWE,12.5KM Mass Start
SWE,7.5KM
SWE,Curling
SWE,Curling
SWE,Curling
SWE,Curling
SWE,Curling
SWE,Ice Hockey
SWE,Ice Hockey
SWE,Ice Hockey
SWE,Ice Hockey
SWE,Ice Hockey
SWE,Ice Hockey
SWE,Ice Hockey
SWE,Ice Hockey
SWE,Ice Hockey
SWE,Ice Hockey
SWE,Ice Hockey
SWE,Ice Hockey
SWE,Ice Hockey
SWE,Ice Hockey
SWE,Ice Hockey
SWE,Ice Hockey
SWE,Ice Hockey
SWE,Ice Hockey
SWE,Ice Hockey
SWE,Ice Hockey
SWE,Ice Hockey
SWE,Ice Hockey
SWE,Ice Hockey
SWE,Ice Hockey
SWE,Ice Hockey
SWE,Ice Hockey
SWE,Ice Hockey
SWE,Ice Hockey
SWE,Ice Hockey
SWE,Ice Hockey
SWE,Ice Hockey
SWE,Ice Hockey
SWE,Ice Hockey
SWE,Ice Hockey
SWE,Ice Hockey
SWE,Ice Hockey
SWE,Ice Hockey
SWE,Ice Hockey
SWE,Ice Hockey
SWE,Ice Hockey
SWE,Ice Hockey
SWE,Ice Hockey
SWE,Ice Hockey
SWE,Ice Hockey
SWE,Alpine Combined
SWE,Downhill
SWE,Giant Slalom
SWE,Slalom
SWE,4X10KM Relay
SWE,4X10KM Relay
SWE,4X10KM Relay
SWE,4X10KM Relay
SWE,Sprint 1.5KM
SWE,Sprint 1.5KM
SWE,Team Sprint
SWE,Team Sprint
SWE,Team Sprint
SWE,Team Sprint
UKR,7.5KM
UKR,Ice Dancing
UKR,Ice Dancing
USA,Two-Man
USA,Two-Man
USA,Curling
USA,Curling
USA,Curling
USA,Curling
USA,Curling
USA,Ice Hockey
USA,Ice Hockey
USA,Ice Hockey
USA,Ice Hockey
USA,Ice Hockey
USA,Ice Hockey
USA,Ice Hockey
USA,Ice Hockey
USA,Ice Hockey
USA,Ice Hockey
USA,Ice Hockey
USA,Ice Hockey
USA,Ice Hockey
USA,Ice Hockey
USA,Ice Hockey
USA,Ice Hockey
USA,Ice Hockey
USA,Ice Hockey
USA,Ice Hockey
USA,Ice Hockey
USA,Ice Dancing
USA,Ice Dancing
USA,Individual
USA,1000M
USA,5000M Relay
USA,5000M Relay
USA,5000M Relay
USA,5000M Relay
USA,500M
USA,10000M
USA,1000M
USA,1000M
USA,1500M
USA,1500M
USA,5000M
USA,500M
USA,Alpine Combined
USA,Giant Slalom
USA,Moguls
USA,Giant Parallel Slalom
USA,Half-Pipe
USA,Half-Pipe
USA,Half-Pipe
USA,Half-Pipe
USA,Snowboard Cross
USA,Snowboard Cross
AUS,Aerials
AUS,Moguls
AUS,Half-Pipe
AUT,12.5Km Pursuit
AUT,4X7.5KM Relay
AUT,4X7.5KM Relay
AUT,4X7.5KM Relay
AUT,4X7.5KM Relay
AUT,Doubles
AUT,Doubles
AUT,Singles
AUT,Downhill
AUT,Giant Slalom
AUT,Slalom
AUT,Super-G
AUT,Ski Cross
AUT,Sprint K120
AUT,"Team, 4X5 KM"
AUT,"Team, 4X5 KM"
AUT,"Team, 4X5 KM"
AUT,"Team, 4X5 KM"
AUT,K120 Individual (90M)
AUT,K120 Team (90M)
AUT,K120 Team (90M)
AUT,K120 Team (90M)
AUT,K120 Team (90M)
AUT,K90 Individual (70M)
AUT,Giant Parallel Slalom
AUT,Giant Parallel Slalom
BLR,15KM
BLR,20KM
BLR,Aerials
CAN,Four-Man
CAN,Four-Man
CAN,Four-Man
CAN,Four-Man
CAN,Two-Man
CAN,Two-Man
CAN,Two-Man
CAN,Two-Man
CAN,Individual
CAN,Curling
CAN,Curling
CAN,Curling
CAN,Curling
CAN,Curling
CAN,Curling
CAN,Curling
CAN,Curling
CAN,Curling
CAN,Curling
CAN,Ice Hockey
CAN,Ice Hockey
CAN,Ice Hockey
CAN,Ice Hockey
CAN,Ice Hockey
CAN,Ice Hockey
CAN,Ice Hockey
CAN,Ice Hockey
CAN,Ice Hockey
CAN,Ice Hockey
CAN,Ice Hockey
CAN,Ice Hockey
CAN,Ice Hockey
CAN,Ice Hockey
CAN,Ice Hockey
CAN,Ice Hockey
CAN,Ice Hockey
CAN,Ice Hockey
CAN,Ice Hockey
CAN,Ice Hockey
CAN,Ice Hockey
CAN,Ice Hockey
CAN,Ice Hockey
CAN,Ice Hockey
CAN,Ice Hockey
CAN,Ice Hockey
CAN,Ice Hockey
CAN,Ice Hockey
CAN,Ice Hockey
CAN,Ice Hockey
CAN,Ice Hockey
CAN,Ice Hockey
CAN,Ice Hockey
CAN,Ice Hockey
CAN,Ice Hockey
CAN,Ice Hockey
CAN,Ice Hockey
CAN,Ice Hockey
CAN,Ice Hockey
CAN,Ice Hockey
CAN,Ice Hockey
CAN,Ice Hockey
CAN,Ice Hockey
CAN,Ice Hockey
CAN,Ice Dancing
CAN,Ice Dancing
CAN,Individual
CAN,3000M Relay
CAN,3000M Relay
CAN,3000M Relay
CAN,3000M Relay
CAN,5000M Relay
CAN,5000M Relay
CAN,5000M Relay
CAN,5000M Relay
CAN,5000M Relay
CAN,500M
CAN,500M
CAN,500M
CAN,1000M
CAN,1500M
CAN,3000M
CAN,5000M
CAN,Team Pursuit
CAN,Team Pursuit
CAN,Team Pursuit
CAN,Moguls
CAN,Moguls
CAN,Ski Cross
CAN,Giant Parallel Slalom
CAN,Snowboard Cross
CAN,Snowboard Cross
CHN,Curling
CHN,Curling
CHN,Curling
CHN,Curling
CHN,Curling
CHN,Pairs
CHN,Pairs
CHN,Pairs
CHN,Pairs
CHN,1000M
CHN,1500M
CHN,3000M Relay
CHN,3000M Relay
CHN,3000M Relay
CHN,3000M Relay
CHN,500M
CHN,500M
CHN,Aerials
CHN,Aerials
CHN,Aerials
CRO,10KM
CRO,Slalom
CRO,Super Combined
CZE,1500M
CZE,3000M
CZE,5000M
CZE,Slalom
CZE,15KM
CZE,4X10KM Relay
CZE,4X10KM Relay
CZE,4X10KM Relay
CZE,4X10KM Relay
EST,10KM
FIN,Ice Hockey
FIN,Ice Hockey
FIN,Ice Hockey
FIN,Ice Hockey
FIN,Ice Hockey
FIN,Ice Hockey
FIN,Ice Hockey
FIN,Ice Hockey
FIN,Ice Hockey
FIN,Ice Hockey
FIN,Ice Hockey
FIN,Ice Hockey
FIN,Ice Hockey
FIN,Ice Hockey
FIN,Ice Hockey
FIN,Ice Hockey
FIN,Ice Hockey
FIN,Ice Hockey
FIN,Ice Hockey
FIN,Ice Hockey
FIN,Ice Hockey
FIN,Ice Hockey
FIN,Ice Hockey
FIN,Ice Hockey
FIN,Ice Hockey
FIN,Ice Hockey
FIN,Ice Hockey
FIN,Ice Hockey
FIN,Ice Hockey
FIN,Ice Hockey
FIN,Ice Hockey
FIN,Ice Hockey
FIN,Ice Hockey
FIN,Ice Hockey
FIN,Ice Hockey
FIN,Ice Hockey
FIN,Ice Hockey
FIN,Ice Hockey
FIN,Ice Hockey
FIN,Ice Hockey
FIN,Ice Hockey
FIN,Ice Hockey
FIN,Ice Hockey
FIN,Ice Hockey
FIN,30KM
FIN,4X5KM Relay
FIN,4X5KM Relay
FIN,4X5KM Relay
FIN,4X5KM Relay
FIN,Half-Pipe
FRA,10KM
FRA,10KM Pursuit
FRA,12.5Km Pursuit
FRA,15KM Mass Start
FRA,4X6KM Relay
FRA,4X6KM Relay
FRA,4X6KM Relay
FRA,4X6KM Relay
FRA,7.5KM
FRA,Ski Cross
FRA,"Individual, Ski Jumping K90 (70M)"
FRA,Giant Parallel Slalom
FRA,Snowboard Cross
FRA,Snowboard Cross
GBR,Individual
GER,10KM Pursuit
GER,12.5KM Mass Start
GER,12.5KM Mass Start
GER,4X6KM Relay
GER,4X6KM Relay
GER,4X6KM Relay
GER,4X6KM Relay
GER,7.5KM
GER,Four-Man
GER,Four-Man
GER,Four-Man
GER,Four-Man
GER,Two-Man
GER,Two-Man
GER,Two-Man
GER,Two-Man
GER,Individual
GER,Individual
GER,Doubles
GER,Doubles
GER,Singles
GER,Singles
GER,Singles
GER,Singles
GER,Pairs
GER,Pairs
GER,3000M
GER,5000M
GER,500M
GER,Team Pursuit
GER,Team Pursuit
GER,Team Pursuit
GER,Team Pursuit
GER,Giant Slalom
GER,Slalom
GER,Super Combined
GER,4X5KM Relay
GER,4X5KM Relay
GER,4X5KM Relay
GER,4X5KM Relay
GER,50KM
GER,Combined 15 + 15KM Mass Start
GER,Team Sprint
GER,Team Sprint
GER,Team Sprint
GER,Team Sprint
GER,"Team, 4X5 KM"
GER,"Team, 4X5 KM"
GER,"Team, 4X5 KM"
GER,"Team, 4X5 KM"
GER,K120 Team (90M)
GER,K120 Team (90M)
GER,K120 Team (90M)
GER,K120 Team (90M)
ITA,Singles
ITA,500M
ITA,Slalom
ITA,15KM
ITA,"Individual, Ski Jumping K90 (70M)"
JPN,Individual
JPN,Individual
JPN,500M
JPN,500M
JPN,Team Pursuit
JPN,Team Pursuit
JPN,Team Pursuit
KAZ,15KM
KOR,Individual
KOR,1000M
KOR,1000M
KOR,1000M
KOR,1500M
KOR,1500M
KOR,1500M
KOR,5000M Relay
KOR,5000M Relay
KOR,5000M Relay
KOR,5000M Relay
KOR,5000M Relay
KOR,500M
KOR,10000M
KOR,1000M
KOR,5000M
KOR,500M
KOR,500M
LAT,Individual
LAT,Doubles
LAT,Doubles
NED,10000M
NED,1000M
NED,1000M
NED,1500M
NED,1500M
NED,5000M
NED,Team Pursuit
NED,Team Pursuit
NED,Team Pursuit
NED,Team Pursuit
NED,Giant Parallel Slalom
NOR,10KM
NOR,15KM
NOR,20KM
NOR,20KM
NOR,4X7.5KM Relay
NOR,4X7.5KM Relay
NOR,4X7.5KM Relay
NOR,4X7.5KM Relay
NOR,Curling
NOR,Curling
NOR,Curling
NOR,Curling
NOR,Curling
NOR,1500M
NOR,Downhill
NOR,Giant Slalom
NOR,Giant Slalom
NOR,Super-G
NOR,10KM
NOR,30KM
NOR,4X10KM Relay
NOR,4X10KM Relay
NOR,4X10KM Relay
NOR,4X10KM Relay
NOR,4X5KM Relay
NOR,4X5KM Relay
NOR,4X5KM Relay
NOR,4X5KM Relay
NOR,50KM
NOR,Combined 7.5 + 7.5Km Mass Start
NOR,Sprint 1.5KM
NOR,Sprint 1.5KM
NOR,Team Sprint
NOR,Team Sprint
NOR,Ski Cross
NOR,Ski Cross
NOR,K120 Team (90M)
NOR,K120 Team (90M)
NOR,K120 Team (90M)
NOR,K120 Team (90M)
POL,Team Pursuit
POL,Team Pursuit
POL,Team Pursuit
POL,30KM
POL,Combined 7.5 + 7.5Km Mass Start
POL,Sprint 1.5KM
POL,K120 Individual (90M)
POL,K90 Individual (70M)
RUS,12.5KM Mass Start
RUS,15KM Mass Start
RUS,4X6KM Relay
RUS,4X6KM Relay
RUS,4X6KM Relay
RUS,4X6KM Relay
RUS,4X7.5KM Relay
RUS,4X7.5KM Relay
RUS,4X7.5KM Relay
RUS,4X7.5KM Relay
RUS,Two-Man
RUS,Two-Man
RUS,Individual
RUS,Ice Dancing
RUS,Ice Dancing
RUS,Individual
RUS,10000M
RUS,5000M
RUS,Sprint 1.5KM
RUS,Sprint 1.5KM
RUS,Team Sprint
RUS,Team Sprint
RUS,Team Sprint
RUS,Team Sprint
RUS,Giant Parallel Slalom
SLO,Giant Slalom
SLO,Super-G
SLO,Sprint 1.5KM
SUI,Curling
SUI,Curling
SUI,Curling
SUI,Curling
SUI,Curling
SUI,Downhill
SUI,Giant Slalom
SUI,Super Combined
SUI,15KM
SUI,Ski Cross
SUI,K120 Individual (90M)
SUI,K90 Individual (70M)
SUI,Snowboard Cross
SVK,10KM Pursuit
SVK,15KM Mass Start
SVK,7.5KM
SWE,12.5Km Pursuit
SWE,Curling
SWE,Curling
SWE,Curling
SWE,Curling
SWE,Curling
SWE,Slalom
SWE,Super Combined
SWE,10KM
SWE,4X10KM Relay
SWE,4X10KM Relay
SWE,4X10KM Relay
SWE,4X10KM Relay
SWE,50KM
SWE,Combined 15 + 15KM Mass Start
SWE,Combined 15 + 15KM Mass Start
SWE,Combined 7.5 + 7.5Km Mass Start
SWE,Team Sprint
SWE,Team Sprint
USA,Four-Man
USA,Four-Man
USA,Four-Man
USA,Four-Man
USA,Two-Man
USA,Two-Man
USA,Ice Hockey
USA,Ice Hockey
USA,Ice Hockey
USA,Ice Hockey
USA,Ice Hockey
USA,Ice Hockey
USA,Ice Hockey
USA,Ice Hockey
USA,Ice Hockey
USA,Ice Hockey
USA,Ice Hockey
USA,Ice Hockey
USA,Ice Hockey
USA,Ice Hockey
USA,Ice Hockey
USA,Ice Hockey
USA,Ice Hockey
USA,Ice Hockey
USA,Ice Hockey
USA,Ice Hockey
USA,Ice Hockey
USA,Ice Hockey
USA,Ice Hockey
USA,Ice Hockey
USA,Ice Hockey
USA,Ice Hockey
USA,Ice Hockey
USA,Ice Hockey
USA,Ice Hockey
USA,Ice Hockey
USA,Ice Hockey
USA,Ice Hockey
USA,Ice Hockey
USA,Ice Hockey
USA,Ice Hockey
USA,Ice Hockey
USA,Ice Hockey
USA,Ice Hockey
USA,Ice Hockey
USA,Ice Hockey
USA,Ice Hockey
USA,Ice Hockey
USA,Ice Hockey
USA,Ice Hockey
USA,Ice Dancing
USA,Ice Dancing
USA,Individual
USA,1000M
USA,1000M
USA,1500M
USA,1500M
USA,3000M Relay
USA,3000M Relay
USA,3000M Relay
USA,3000M Relay
USA,3000M Relay
USA,5000M Relay
USA,5000M Relay
USA,5000M Relay
USA,5000M Relay
USA,5000M Relay
USA,1000M
USA,1000M
USA,1500M
USA,Team Pursuit
USA,Team Pursuit
USA,Team Pursuit
USA,Team Pursuit
USA,Downhill
USA,Downhill
USA,Downhill
USA,Super Combined
USA,Super Combined
USA,Super-G
USA,Super-G
USA,Super-G
USA,Aerials
USA,Moguls
USA,Moguls
USA,Moguls
USA,"Individual, Ski Jumping K90 (70M)"
USA,Sprint K120
USA,Sprint K120
USA,"Team, 4X5 KM"
USA,"Team, 4X5 KM"
USA,"Team, 4X5 KM"
USA,"Team, 4X5 KM"
USA,Half-Pipe
USA,Half-Pipe
USA,Half-Pipe
USA,Half-Pipe
USA,Snowboard Cross
AUS,Aerials
AUS,Aerials
AUS,Half-Pipe
AUT,10KM
AUT,4X7.5KM Relay
AUT,4X7.5KM Relay
AUT,4X7.5KM Relay
AUT,4X7.5KM Relay
AUT,Doubles
AUT,Doubles
AUT,Downhill
AUT,Slalom
AUT,Slalom
AUT,Giant Slalom
AUT,Slalom
AUT,Slalom
AUT,Super Combined
AUT,Super-G
AUT,Super-G
AUT,"Team, 4X5 KM"
AUT,"Team, 4X5 KM"
AUT,"Team, 4X5 KM"
AUT,"Team, 4X5 KM"
AUT,Teams
AUT,Teams
AUT,Teams
AUT,Teams
AUT,K90 Individual
AUT,Parallel Slalom
AUT,Parallel Slalom
BLR,10KM Pursuit
BLR,12.5KM Mass Start
BLR,15KM
BLR,15KM
BLR,Aerials
BLR,Aerials
CAN,Two-Woman
CAN,Two-Woman
CAN,Curling
CAN,Curling
CAN,Curling
CAN,Curling
CAN,Curling
CAN,Curling
CAN,Curling
CAN,Curling
CAN,Curling
CAN,Curling
CAN,Ice Hockey
CAN,Ice Hockey
CAN,Ice Hockey
CAN,Ice Hockey
CAN,Ice Hockey
CAN,Ice Hockey
CAN,Ice Hockey
CAN,Ice Hockey
CAN,Ice Hockey
CAN,Ice Hockey
CAN,Ice Hockey
CAN,Ice Hockey
CAN,Ice Hockey
CAN,Ice Hockey
CAN,Ice Hockey
CAN,Ice Hockey
CAN,Ice Hockey
CAN,Ice Hockey
CAN,Ice Hockey
CAN,Ice Hockey
CAN,Ice Hockey
CAN,Ice Hockey
CAN,Ice Hockey
CAN,Ice Hockey
CAN,Ice Hockey
CAN,Ice Hockey
CAN,Ice Hockey
CAN,Ice Hockey
CAN,Ice Hockey
CAN,Ice Hockey
CAN,Ice Hockey
CAN,Ice Hockey
CAN,Ice Hockey
CAN,Ice Hockey
CAN,Ice Hockey
CAN,Ice Hockey
CAN,Ice Hockey
CAN,Ice Hockey
CAN,Ice Hockey
CAN,Ice Hockey
CAN,Ice Hockey
CAN,Ice Hockey
CAN,Ice Hockey
CAN,Ice Hockey
CAN,Ice Hockey
CAN,Ice Hockey
CAN,Ice Dancing
CAN,Individual
CAN,Team
CAN,Team
CAN,Team
CAN,Team
CAN,Team
CAN,Ice Dancing
CAN,Team
CAN,Team
CAN,Team
CAN,Team
CAN,1500M
CAN,500M
CAN,3000M Relay
CAN,3000M Relay
CAN,3000M Relay
CAN,3000M Relay
CAN,1000M
CAN,1500M
CAN,Super-G
CAN,Moguls
CAN,Moguls
CAN,Ski Halfpipe
CAN,Moguls
CAN,Moguls
CAN,Ski Cross
CAN,Ski Cross
CAN,Ski Slopestyle
CAN,Ski Slopestyle
CAN,Slopestyle
CAN,Snowboard Cross
CHN,1500M
CHN,5000M Relay
CHN,5000M Relay
CHN,5000M Relay
CHN,5000M Relay
CHN,5000M Relay
CHN,500M
CHN,1000M
CHN,1500M
CHN,500M
CHN,1000M
CHN,Aerials
CHN,Aerials
CRO,Super Combined
CZE,10KM
CZE,12.5Km Pursuit
CZE,15KM Mass Start
CZE,Relay Mix
CZE,Relay Mix
CZE,12.5KM Mass Start
CZE,Relay Mix
CZE,Relay Mix
CZE,3000M
CZE,5000M
CZE,Snowboard Cross
FIN,Ice Hockey
FIN,Ice Hockey
FIN,Ice Hockey
FIN,Ice Hockey
FIN,Ice Hockey
FIN,Ice Hockey
FIN,Ice Hockey
FIN,Ice Hockey
FIN,Ice Hockey
FIN,Ice Hockey
FIN,Ice Hockey
FIN,Ice Hockey
FIN,Ice Hockey
FIN,Ice Hockey
FIN,Ice Hockey
FIN,Ice Hockey
FIN,Ice Hockey
FIN,Ice Hockey
FIN,Ice Hockey
FIN,Ice Hockey
FIN,Ice Hockey
FIN,Ice Hockey
FIN,Ice Hockey
FIN,Ice Hockey
FIN,Ice Hockey
FIN,Team Sprint
FIN,Team Sprint
FIN,4X5KM Relay
FIN,4X5KM Relay
FIN,4X5KM Relay
FIN,4X5KM Relay
FIN,Team Sprint
FIN,Team Sprint
FIN,Slopestyle
FRA,12.5Km Pursuit
FRA,12.5Km Pursuit
FRA,15KM Mass Start
FRA,20KM
FRA,Giant Slalom
FRA,Giant Slalom
FRA,4X10KM Relay
FRA,4X10KM Relay
FRA,4X10KM Relay
FRA,4X10KM Relay
FRA,Ski Cross
FRA,Ski Cross
FRA,Ski Cross
FRA,Ski Halfpipe
FRA,Ski Halfpipe
FRA,K90 Individual
FRA,Snowboard Cross
FRA,Snowboard Cross
GBR,Individual
GBR,Curling
GBR,Curling
GBR,Curling
GBR,Curling
GBR,Curling
GBR,Curling
GBR,Curling
GBR,Curling
GBR,Curling
GBR,Curling
GBR,Slopestyle
GER,20KM
GER,4X7.5KM Relay
GER,4X7.5KM Relay
GER,4X7.5KM Relay
GER,4X7.5KM Relay
GER,Doubles
GER,Doubles
GER,Mixed Relay
GER,Mixed Relay
GER,Mixed Relay
GER,Singles
GER,Mixed Relay
GER,Singles
GER,Singles
GER,Pairs
GER,Pairs
GER,Giant Slalom
GER,Super Combined
GER,Super-G
GER,4X5KM Relay
GER,4X5KM Relay
GER,4X5KM Relay
GER,4X5KM Relay
GER,Ind. K90 (70M)
GER,Sprint K120
GER,"Team, 4X5 KM"
GER,"Team, 4X5 KM"
GER,"Team, 4X5 KM"
GER,"Team, 4X5 KM"
GER,Teams
GER,Teams
GER,Teams
GER,Teams
GER,K90 Individual
GER,Parallel Slalom
GER,Parallel Slalom
ITA,Relay Mix
ITA,Relay Mix
ITA,Relay Mix
ITA,Relay Mix
ITA,Singles
ITA,Individual
ITA,1500M
ITA,3000M Relay
ITA,3000M Relay
ITA,3000M Relay
ITA,3000M Relay
ITA,500M
ITA,Downhill
ITA,Super Combined
JPN,Individual
JPN,Ski Halfpipe
JPN,Ind. K90 (70M)
JPN,Large Hill
JPN,Teams
JPN,Teams
JPN,Teams
JPN,Teams
JPN,Half-Pipe
JPN,Half-Pipe
JPN,Giant Parall.S.
KAZ,Individual
KOR,Individual
KOR,1000M
KOR,1000M
KOR,1500M
KOR,3000M Relay
KOR,3000M Relay
KOR,3000M Relay
KOR,3000M Relay
KOR,3000M Relay
KOR,500M
KOR,Team Pursuit
KOR,Team Pursuit
KOR,Team Pursuit
KOR,500M
LAT,Four-Man
LAT,Four-Man
LAT,Four-Man
LAT,Four-Man
LAT,Individual
LAT,Doubles
LAT,Doubles
LAT,Mixed Relay
LAT,Mixed Relay
LAT,Mixed Relay
LAT,Mixed Relay
NED,1000M
NED,10000M
NED,10000M
NED,10000M
NED,1000M
NED,1000M
NED,1500M
NED,5000M
NED,5000M
NED,5000M
NED,500M
NED,500M
NED,500M
NED,Team Pursuit
NED,Team Pursuit
NED,Team Pursuit
NED,1000M
NED,1000M
NED,1500M
NED,1500M
NED,1500M
NED,3000M
NED,5000M
NED,5000M
NED,500M
NED,Team Pursuit
NED,Team Pursuit
NED,Team Pursuit
NED,Team Pursuit
NOR,10KM
NOR,15KM Mass Start
NOR,Relay Mix
NOR,Relay Mix
NOR,10KM Pursuit
NOR,12.5KM Mass Start
NOR,4X6KM Relay
NOR,4X6KM Relay
NOR,4X6KM Relay
NOR,4X6KM Relay
NOR,Relay Mix
NOR,Relay Mix
NOR,Downhill
NOR,Slalom
NOR,Super-G
NOR,Combined 15+15K
NOR,Sprint 1.5KM
NOR,10KM
NOR,30KM
NOR,30KM
NOR,30KM
NOR,Combined7.5+7.5
NOR,Combined7.5+7.5
NOR,Sprint 1.5KM
NOR,Sprint 1.5KM
NOR,Team Sprint
NOR,Team Sprint
NOR,Ind. K90 (70M)
NOR,Sprint K120
NOR,Sprint K120
NOR,"Team, 4X5 KM"
NOR,"Team, 4X5 KM"
NOR,"Team, 4X5 KM"
NOR,"Team, 4X5 KM"
NOR,Normal Hill
NOR,Slopestyle
POL,1500M
POL,Team Pursuit
POL,Team Pursuit
POL,Team Pursuit
POL,Team Pursuit
POL,Team Pursuit
POL,Team Pursuit
POL,Team Pursuit
POL,10KM
POL,Large Hill
POL,Normal Hill
RUS,20KM
RUS,4X7.5KM Relay
RUS,4X7.5KM Relay
RUS,4X7.5KM Relay
RUS,4X7.5KM Relay
RUS,4X6KM Relay
RUS,4X6KM Relay
RUS,4X6KM Relay
RUS,4X6KM Relay
RUS,7.5KM
RUS,Four-Man
RUS,Four-Man
RUS,Four-Man
RUS,Four-Man
RUS,Two-Man
RUS,Two-Man
RUS,Individual
RUS,Individual
RUS,Mixed Relay
RUS,Mixed Relay
RUS,Mixed Relay
RUS,Singles
RUS,Mixed Relay
RUS,Ice Dancing
RUS,Pairs
RUS,Pairs
RUS,Team
RUS,Team
RUS,Team
RUS,Team
RUS,Team
RUS,Ice Dancing
RUS,Individual
RUS,Pairs
RUS,Pairs
RUS,Team
RUS,Team
RUS,Team
RUS,Team
RUS,Team
RUS,1000M
RUS,1000M
RUS,1500M
RUS,5000M Relay
RUS,5000M Relay
RUS,5000M Relay
RUS,5000M Relay
RUS,500M
RUS,3000M
RUS,500M
RUS,Team Pursuit
RUS,Team Pursuit
RUS,Team Pursuit
RUS,Team Pursuit
RUS,4X10KM Relay
RUS,4X10KM Relay
RUS,4X10KM Relay
RUS,4X10KM Relay
RUS,50KM
RUS,50KM
RUS,50KM
RUS,Team Sprint
RUS,Team Sprint
RUS,Moguls
RUS,Giant Parall.S.
RUS,Parallel Slalom
RUS,Snowboard Cross
RUS,Giant Parall.S.
SLO,10KM Pursuit
SLO,Downhill
SLO,Giant Slalom
SLO,Sprint 1.5KM
SLO,Large Hill
SLO,Normal Hill
SLO,Giant Parall.S.
SLO,Parallel Slalom
SUI,15KM
SUI,Two-Man
SUI,Two-Man
SUI,Ice Hockey
SUI,Ice Hockey
SUI,Ice Hockey
SUI,Ice Hockey
SUI,Ice Hockey
SUI,Ice Hockey
SUI,Ice Hockey
SUI,Ice Hockey
SUI,Ice Hockey
SUI,Ice Hockey
SUI,Ice Hockey
SUI,Ice Hockey
SUI,Ice Hockey
SUI,Ice Hockey
SUI,Ice Hockey
SUI,Ice Hockey
SUI,Ice Hockey
SUI,Ice Hockey
SUI,Ice Hockey
SUI,Ice Hockey
SUI,Ice Hockey
SUI,Super Combined
SUI,Downhill
SUI,Downhill
SUI,15KM
SUI,Combined 15+15K
SUI,Giant Parall.S.
SUI,Half-Pipe
SUI,Giant Parall.S.
SVK,7.5KM
SWE,Curling
SWE,Curling
SWE,Curling
SWE,Curling
SWE,Curling
SWE,Curling
SWE,Curling
SWE,Curling
SWE,Curling
SWE,Curling
SWE,Ice Hockey
SWE,Ice Hockey
SWE,Ice Hockey
SWE,Ice Hockey
SWE,Ice Hockey
SWE,Ice Hockey
SWE,Ice Hockey
SWE,Ice Hockey
SWE,Ice Hockey
SWE,Ice Hockey
SWE,Ice Hockey
SWE,Ice Hockey
SWE,Ice Hockey
SWE,Ice Hockey
SWE,Ice Hockey
SWE,Ice Hockey
SWE,Ice Hockey
SWE,Ice Hockey
SWE,Ice Hockey
SWE,Ice Hockey
SWE,Ice Hockey
SWE,Ice Hockey
SWE,Ice Hockey
SWE,Ice Hockey
SWE,Ice Hockey
SWE,15KM
SWE,15KM
SWE,4X10KM Relay
SWE,4X10KM Relay
SWE,4X10KM Relay
SWE,4X10KM Relay
SWE,Combined 15+15K
SWE,Sprint 1.5KM
SWE,Sprint 1.5KM
SWE,Team Sprint
SWE,Team Sprint
SWE,10KM
SWE,4X5KM Relay
SWE,4X5KM Relay
SWE,4X5KM Relay
SWE,4X5KM Relay
SWE,Combined7.5+7.5
SWE,Team Sprint
SWE,Team Sprint
SWE,Ski Cross
UKR,4X6KM Relay
UKR,4X6KM Relay
UKR,4X6KM Relay
UKR,4X6KM Relay
UKR,7.5KM
USA,Four-Man
USA,Four-Man
USA,Four-Man
USA,Four-Man
USA,Two-Man
USA,Two-Man
USA,Two-Woman
USA,Two-Woman
USA,Two-Woman
USA,Two-Woman
USA,Individual
USA,Individual
USA,Ice Hockey
USA,Ice Hockey
USA,Ice Hockey
USA,Ice Hockey
USA,Ice Hockey
USA,Ice Hockey
USA,Ice Hockey
USA,Ice Hockey
USA,Ice Hockey
USA,Ice Hockey
USA,Ice Hockey
USA,Ice Hockey
USA,Ice Hockey
USA,Ice Hockey
USA,Ice Hockey
USA,Ice Hockey
USA,Ice Hockey
USA,Ice Hockey
USA,Ice Hockey
USA,Ice Hockey
USA,Ice Hockey
USA,Singles
USA,Ice Dancing
USA,Team
USA,Team
USA,Team
USA,Team
USA,Ice Dancing
USA,Team
USA,Team
USA,Team
USA,Team
USA,5000M Relay
USA,5000M Relay
USA,5000M Relay
USA,5000M Relay
USA,Giant Slalom
USA,Super-G
USA,Super-G
USA,Slalom
USA,Super Combined
USA,Ski Halfpipe
USA,Ski Slopestyle
USA,Ski Slopestyle
USA,Ski Slopestyle
USA,Moguls
USA,Ski Halfpipe
USA,Ski Slopestyle
USA,Slopestyle
USA,Snowboard Cross
USA,Half-Pipe
USA,Half-Pipe
USA,Slopestyle